summoner,lps,wins,tops,firstChampName,firstChampPlays,secondChampName,secondChampPlays,thirdChampName,thirdChampPlays,fourthChampName,fourthChampPlays,fifthChampName,fifthChampPlays,lastDay,tier
Kanata Ch,,8,15,Shen,11,Sion,8,Taric,8,Ahri,7,Lissandra,7,2d ago,Challenger
InV LeVition,,3,12,Sion,11,ApexTurret,10,Heimerdinger,10,Swain,7,Sejuani,7,11h ago,Challenger
고려헬스클럽,,6,10,ApexTurret,9,Heimerdinger,9,Aatrox,8,Poppy,8,Sion,7,7h ago,Challenger
공 관 우,,5,8,Taric,20,Lux,19,Shen,19,Jarvan IV,18,Swain,18,1d ago,Challenger
남국이,,4,12,Taric,11,ApexTurret,10,Heimerdinger,10,Sion,9,Shen,9,3d ago,Challenger
doaltlqkfrpdla,,4,12,Aatrox,13,ApexTurret,13,Heimerdinger,13,Shen,12,Sion,8,1d ago,Challenger
초가스와 코그모,,2,12,Heimerdinger,9,Warwick,8,Swain,8,ApexTurret,8,Jarvan IV,8,13h ago,Challenger
오늘 자위를 내일로 미루자,,5,16,Nasus,7,Swain,7,Sion,6,Azir,6,ApexTurret,6,2d ago,Challenger
레서팬더사랑개,,5,11,Nasus,9,Aatrox,8,ApexTurret,7,Heimerdinger,7,Warwick,6,1w ago,Challenger
눈 앞이 깜깜하지,,5,13,Lissandra,12,Sejuani,12,Ashe,11,Warwick,9,Shen,9,3d ago,Challenger
아버지를판다이크,,2,12,Ashe,8,Sejuani,8,Urgot,8,Shen,7,Aatrox,6,1d ago,
shongb,,1,8,Sejuani,9,Aatrox,9,Warwick,8,Urgot,8,Zeri,8,8h ago,
방호레,,9,13,Sion,14,ApexTurret,9,Heimerdinger,9,Shen,9,Ashe,7,2d ago,
좋은어른이되자,,3,11,Shen,11,Taric,9,Sion,8,Ahri,7,Jarvan IV,7,1w ago,
Tailin,,3,10,Urgot,7,Ekko,7,Jinx,7,Zeri,7,ApexTurret,7,1w ago,
Iwillnaverdie,,0,10,Gwen,8,Shen,6,Sett,6,Taric,6,Warwick,6,1d ago,
밥사랑,,6,15,Shen,17,Ahri,16,Taric,14,Galio,11,Lux,10,4d ago,
Scouter R,,4,9,ApexTurret,10,Heimerdinger,10,Lissandra,9,Sejuani,9,Urgot,8,1d ago,Challenger
근데뻥,,2,10,Taric,9,Sion,8,Aphelios,8,Shen,8,Urgot,7,7h ago,Challenger
책을 쓸 테야,,3,9,Sion,9,ApexTurret,8,Heimerdinger,8,Sejuani,8,Taric,7,8h ago,Challenger
허접쓰레기나가,,4,10,Kayle,12,Kled,12,Maokai,12,Poppy,12,ApexTurret,11,15h ago,Challenger
다디 다디 두,,1,13,Swain,10,Shen,9,Taric,9,Darius,7,Lissandra,7,1d ago,Challenger
이거다읽으면바보,,3,12,ApexTurret,12,Heimerdinger,12,Shen,10,Sion,10,Nasus,8,4d ago,Challenger
앙큼한오렌지,,2,9,ApexTurret,9,Heimerdinger,9,Yasuo,8,Kai'Sa,7,Bel'Veth,7,1w ago,Challenger
최영보,,2,12,Shen,9,Sejuani,7,Lissandra,6,Urgot,6,Akshan,6,3d ago,Challenger
현 인 갓,,4,11,Shen,11,Urgot,9,Sion,8,Zeri,8,Warwick,8,14h ago,Challenger
녹햐난,,6,13,Shen,9,ApexTurret,8,Heimerdinger,8,Jarvan IV,7,Jinx,7,5d ago,Challenger
커피 엔딩,,2,11,Sion,8,Jarvan IV,8,Sejuani,8,Urgot,7,Ashe,7,2d ago,Challenger
재바 사전 보꽃,,3,8,Swain,9,Jarvan IV,7,Lux,7,Warwick,7,Irelia,7,8h ago,Challenger
luxfanfan,,3,11,Swain,11,Jarvan IV,10,Nasus,8,Warwick,7,Lux,7,5d ago,Challenger
그놈참찰지구나,,5,15,Sion,10,Shen,9,Urgot,9,Sejuani,8,ApexTurret,8,6d ago,Challenger
표 셜,,3,14,ApexTurret,13,Heimerdinger,12,Warwick,10,Urgot,9,Jarvan IV,8,1d ago,Challenger
재수는독학이진리,,2,10,Shen,8,Swain,7,ApexTurret,6,Heimerdinger,6,Sion,6,2d ago,Challenger
구칠이,,5,11,Shen,9,Sion,8,Ashe,8,Urgot,8,Sejuani,8,3d ago,Challenger
숫사슴사슷,,6,14,Swain,11,Sion,9,Jarvan IV,9,Shen,8,Darius,7,1w ago,Challenger
청림이,,4,12,Shen,10,Karma,9,Taric,7,Yasuo,7,Swain,7,1d ago,Challenger
곰디팬 송지원,,5,11,Shen,12,Senna,10,Sion,7,Warwick,7,ApexTurret,6,4d ago,Challenger
쪼 뭉,,2,10,Sion,9,Shen,9,Aatrox,8,Sejuani,7,Ahri,7,1d ago,Challenger
Coffee Ending,,4,14,Sejuani,10,Urgot,10,ApexTurret,9,Heimerdinger,9,Zeri,9,1d ago,Challenger
주 honey,,3,12,Jarvan IV,16,Lux,13,Ahri,12,Shen,11,Taric,11,1d ago,Challenger
asdw0331,,4,13,Gwen,11,Shen,11,Kalista,10,ApexTurret,9,Heimerdinger,9,2d ago,Challenger
강타텔든유미,,2,13,ApexTurret,11,Heimerdinger,11,Jarvan IV,10,Taric,10,Shen,9,2d ago,Challenger
xxcas,,5,11,Shen,9,Maokai,9,ApexTurret,7,Heimerdinger,7,Viego,7,5d ago,Challenger
졸 귀르탱스 3세,,4,14,Urgot,12,Shen,9,Sejuani,8,Jarvan IV,7,Ekko,7,1d ago,Challenger
봉어찡,,4,13,Shen,13,ApexTurret,9,Heimerdinger,9,Ahri,9,Swain,7,2d ago,Challenger
소환사김성실,,3,12,Shen,15,Taric,12,Ahri,9,Yasuo,8,ApexTurret,8,1d ago,Challenger
지보베베,,5,8,Shen,13,ApexTurret,9,Heimerdinger,9,Yasuo,9,Gwen,8,1d ago,Challenger
보토르,,3,13,Shen,9,Taric,8,Ahri,7,Urgot,7,ApexTurret,7,6d ago,Challenger
상mini,,2,11,Sejuani,7,Kled,5,Akshan,5,Gwen,5,Aatrox,5,3d ago,Challenger
실력과운,,5,14,Shen,10,Lissandra,10,Senna,8,Sejuani,7,Yasuo,7,3d ago,Challenger
칼픽 다리,,3,14,Zeri,13,Jinx,12,Lissandra,11,Sejuani,11,Ashe,9,2d ago,Challenger
LIAR TROLLER,,2,12,ApexTurret,10,Heimerdinger,10,Taric,9,Kalista,9,Yasuo,8,17h ago,Challenger
미두봉,,3,14,Sejuani,11,Ashe,9,Taric,8,Lissandra,8,Jarvan IV,7,1w ago,Challenger
모 찌 늉,,3,10,Warwick,10,Zeri,10,Sejuani,9,Urgot,9,Kai'Sa,8,1d ago,Challenger
쾅상묵,,3,13,Shen,11,Taric,10,Lissandra,7,Ahri,6,Sejuani,5,1d ago,Challenger
존잘인천피스트,,4,11,Sejuani,10,Lissandra,9,Ashe,8,Swain,7,Aatrox,6,6d ago,Challenger
Elatha,,5,12,Shen,11,Karma,9,Ahri,8,Sejuani,8,Taric,8,1w ago,Challenger
젤리거미,,2,12,Shen,12,Jarvan IV,8,Taric,8,Irelia,7,Kalista,7,5d ago,Challenger
대깨 티모덱,,1,7,Kled,10,Shen,9,Darius,8,Katarina,8,Samira,8,1w ago,Challenger
피넛 버터 쿠키,,3,9,Jarvan IV,9,ApexTurret,7,Heimerdinger,7,Ahri,7,Warwick,7,2d ago,Challenger
낚시도구,,6,11,Sett,8,Ashe,7,Urgot,7,Shen,6,Kai'Sa,6,5d ago,Challenger
lnV LeVition,,2,10,Sejuani,8,Lissandra,7,Taric,7,Ashe,6,Urgot,6,2d ago,Challenger
Aalc,,1,15,Sejuani,12,Urgot,12,ApexTurret,10,Heimerdinger,10,Shen,10,3d ago,Challenger
정호도사,,4,12,Shen,10,ApexTurret,9,Heimerdinger,9,Ahri,8,Senna,7,11h ago,Challenger
숭토체스,,2,12,Sion,12,Shen,8,ApexTurret,8,Heimerdinger,8,Urgot,7,4d ago,Challenger
츠마란,,5,10,Shen,10,Urgot,8,Jinx,7,Zeri,7,Sejuani,7,2d ago,Challenger
야쿨르트,,4,13,Shen,9,Taric,9,ApexTurret,8,Heimerdinger,8,Jarvan IV,8,3d ago,Challenger
무 오,,2,10,Shen,12,Taric,9,Warwick,9,Sion,7,ApexTurret,7,14h ago,Challenger
경희대파란토끼,,6,12,Shen,10,Senna,8,Taric,8,ApexTurret,7,Heimerdinger,7,2d ago,Challenger
리롤만하는계정임,,6,14,Swain,11,Jarvan IV,10,Taric,10,Ahri,8,Lux,8,2d ago,Challenger
behappy0504,,1,13,Shen,9,ApexTurret,7,Heimerdinger,7,Sion,7,Aatrox,7,15h ago,Challenger
푸사2,,3,12,ApexTurret,12,Heimerdinger,12,Urgot,10,Sejuani,9,Jarvan IV,8,1d ago,Challenger
불사단,,1,9,Shen,17,Taric,15,Lissandra,15,Karma,14,Soraka,12,3d ago,Challenger
용추2,,2,15,Swain,10,ApexTurret,8,Heimerdinger,8,Jarvan IV,8,Lux,8,3d ago,Challenger
운영진짜bb,,3,13,Warwick,14,Sion,12,Urgot,12,Zeri,12,Jinx,11,2d ago,Challenger
설화산 티모2,,2,13,Sejuani,13,ApexTurret,10,Heimerdinger,10,Ashe,9,Urgot,9,1d ago,Challenger
xxxxxxxxx,,6,14,Shen,19,Taric,19,Lux,18,Ahri,17,Galio,17,1d ago,Challenger
키움 히어로즈 V5,,7,14,Jarvan IV,10,Ahri,9,ApexTurret,9,Heimerdinger,9,Taric,7,1d ago,Challenger
임찌녕,,3,11,ApexTurret,11,Heimerdinger,11,Shen,8,Taric,7,Sion,7,1d ago,Challenger
PIP2D5WN,,1,15,Shen,10,Kled,8,Taric,7,ApexTurret,7,Heimerdinger,7,1d ago,Challenger
탑갱못가는사람,,3,11,Swain,9,Darius,7,Samira,7,Kled,7,Katarina,6,9h ago,Challenger
영지하머,,4,15,Shen,10,Sion,9,Warwick,9,Ahri,8,Irelia,8,3d ago,Challenger
1종혁,,3,14,Sejuani,14,Sion,12,Urgot,11,Ashe,10,Lissandra,8,1w ago,Challenger
PENTAKl1I,,3,13,Aatrox,10,Sion,9,Jarvan IV,9,Sejuani,8,Shen,8,19h ago,Challenger
guri7,,1,12,Warwick,10,Shen,8,Urgot,8,Zeri,8,Aatrox,7,10h ago,Challenger
하 논,,2,14,Sion,9,Ahri,8,Taric,7,ApexTurret,6,Heimerdinger,6,1w ago,Challenger
승진오라버닝,,2,15,Nasus,8,Aatrox,7,Swain,7,Shen,7,Urgot,7,4d ago,Challenger
ndw1001,,2,12,Sion,7,Zeri,6,Urgot,6,Sejuani,6,ApexTurret,5,1w ago,Challenger
주내현,,5,14,Nasus,8,ApexTurret,7,Heimerdinger,7,Shen,7,Ashe,6,3d ago,Challenger
ggguumayusi,,4,14,Shen,14,Taric,11,ApexTurret,9,Heimerdinger,9,Ahri,8,4d ago,Challenger
TFT 정영빈,,6,11,Maokai,17,Kled,16,Poppy,16,Kayle,15,Zed,14,3d ago,Challenger
죠 니 좌,,5,11,Shen,11,Taric,9,ApexTurret,8,Heimerdinger,8,Aatrox,7,1w ago,Challenger
하루카,,4,11,Ashe,14,Sejuani,13,Urgot,13,Warwick,10,Zeri,10,15h ago,Challenger
건구르,,2,11,Warwick,11,Shen,11,Kalista,9,Yasuo,9,Sion,8,7h ago,Challenger
LisitsaValentina,,1,14,Shen,13,Taric,9,Jarvan IV,7,ApexTurret,7,Heimerdinger,7,2d ago,Challenger
사나이의 긍지,,3,12,Shen,10,Swain,8,Kai'Sa,6,Warwick,6,Samira,6,4d ago,Challenger
커 담,,0,10,Shen,12,ApexTurret,11,Heimerdinger,11,Taric,7,Ahri,6,1d ago,Challenger
Thai Mango,,6,11,Ahri,8,Warwick,8,Shen,8,Zed,7,Ekko,7,2d ago,Challenger
녕 하,,4,12,Sion,12,Sejuani,7,Warwick,7,Bel'Veth,7,Shen,7,3d ago,Challenger
Ukkkkkko,,3,10,Ashe,9,Sejuani,9,Urgot,9,Heimerdinger,8,Sion,7,2d ago,Challenger
한강김,,5,12,Shen,12,ApexTurret,8,Heimerdinger,8,Sion,8,Aatrox,7,1d ago,Challenger
99cm강화몽둥이,,3,15,Sejuani,11,Ashe,8,Sion,7,Jarvan IV,6,Ekko,6,2d ago,Challenger
231124,,2,15,Shen,11,Ahri,8,Yasuo,8,Kai'Sa,8,Taric,7,16h ago,Challenger
저는 모릅니다,,4,7,Taric,13,ApexTurret,12,Heimerdinger,12,Shen,12,Ahri,9,3d ago,Challenger
25도,,4,14,Swain,15,Samira,12,Darius,9,ApexTurret,9,Heimerdinger,9,3d ago,Challenger
우혁리,,2,13,Sejuani,14,Sion,13,Ashe,11,Urgot,10,Zeri,10,6d ago,Challenger
엄준식사냥꾼,,5,11,Warwick,9,ApexTurret,8,Heimerdinger,8,Kai'Sa,7,Kalista,7,9h ago,Challenger
DoctorOfTFT,,1,11,K'Sante,9,Swain,8,Shen,7,Urgot,6,Ashe,6,2d ago,Challenger
공화춘불닭볶음,,5,11,ApexTurret,12,Heimerdinger,12,Sejuani,11,Shen,10,Sion,8,5d ago,Challenger
진구성,,1,11,Warwick,9,Swain,8,Sion,7,Shen,7,Ahri,6,1d ago,Challenger
Mig 부먹요정,,2,14,Swain,9,Jarvan IV,9,Lux,8,Gwen,8,Ahri,7,2d ago,Challenger
저로인해화났나요,,3,14,ApexTurret,9,Heimerdinger,9,Sion,9,Urgot,9,Sejuani,8,1w ago,Challenger
VLN Mami,,6,12,Shen,8,Ahri,7,Sejuani,7,K'Sante,6,Taric,6,1w ago,Challenger
06년생 롤체1짱,,2,11,Sejuani,9,Kai'Sa,9,ApexTurret,7,Heimerdinger,7,Urgot,7,3d ago,Challenger
깨 멍,,3,9,Jinx,12,Zeri,12,Ekko,11,ApexTurret,10,Heimerdinger,10,3d ago,Challenger
인죽이,,6,12,ApexTurret,18,Heimerdinger,18,Jarvan IV,18,Lux,17,Shen,17,4d ago,Challenger
tft chobo1,,4,15,Shen,10,ApexTurret,9,Heimerdinger,9,Aatrox,6,Sion,6,1d ago,Challenger
응가는사람을찢어,,5,13,Shen,11,Nasus,9,Sion,8,Sejuani,8,Ashe,7,17h ago,
이세돌fan조강현,,3,9,Jarvan IV,8,Sejuani,8,Sion,7,Ahri,7,Swain,7,5d ago,
무진스 협회장,,3,9,Shen,20,Taric,18,ApexTurret,17,Heimerdinger,17,Jarvan IV,16,1d ago,
솔이누나 이쁘다,,3,10,Sion,9,Lissandra,9,Ashe,7,Sejuani,7,Darius,6,4d ago,
김민빵,,4,12,ApexTurret,10,Heimerdinger,10,Shen,10,Yasuo,8,Warwick,8,15h ago,
쌈장과벗,,2,7,Shen,10,Sejuani,10,Taric,8,ApexTurret,7,Gwen,7,1d ago,
쁘띠뽀로로,,3,11,Sion,10,Warwick,10,ApexTurret,8,Heimerdinger,8,Zeri,8,1d ago,
형난틀렸어먼저가,,4,10,Sejuani,15,Ashe,14,Urgot,14,Lissandra,13,Zeri,11,3d ago,
힝 9,,3,13,Urgot,10,Shen,9,Sion,9,Warwick,8,Kalista,7,10h ago,
서폿장인노짱,,3,10,Shen,12,Taric,11,Urgot,8,ApexTurret,7,Heimerdinger,7,14h ago,
별 수호자 영준,,2,14,Aatrox,9,ApexTurret,9,Heimerdinger,9,Yasuo,8,Jarvan IV,7,13h ago,
Top TeeMo 1champ,,3,13,Shen,13,Ahri,8,Jarvan IV,8,Swain,8,Yasuo,8,1d ago,
초콤이,,1,7,Karma,15,Taric,15,Lissandra,14,Shen,14,Soraka,14,1w ago,
이재혁의 문단속,,3,13,Taric,12,Ahri,11,Shen,11,Swain,9,Lux,8,19h ago,
OUO다미,,5,15,Sion,10,Ahri,10,Shen,10,K'Sante,8,Senna,8,15h ago,
준석이준석,,3,16,Shen,9,Ahri,8,Irelia,7,Kai'Sa,7,Sett,7,5d ago,
균이균이,,3,15,Yasuo,9,Aatrox,8,Shen,8,Senna,7,Ahri,7,6d ago,
Fujiko,,0,10,Gwen,7,Shen,7,Yasuo,6,Maokai,6,Sejuani,6,4d ago,
기찬맨,,2,14,Shen,9,ApexTurret,8,Heimerdinger,8,Warwick,7,Taric,7,1d ago,
goldgarnet,,4,11,Shen,13,Ahri,12,Taric,9,Sion,8,Jarvan IV,6,1d ago,
서울대척척석사,,4,13,Shen,9,Sejuani,8,Swain,8,Nasus,8,Ashe,7,6d ago,
dragonmin1,,4,11,Swain,9,Sion,7,Nasus,7,Taric,7,ApexTurret,6,3d ago,
SseSe,,5,14,Shen,10,Nasus,9,Taric,9,ApexTurret,7,Heimerdinger,7,1d ago,
퓨얼스,,2,12,Shen,13,Taric,11,Sett,7,Jarvan IV,7,Lux,7,3d ago,
이가라시 하루나,,3,11,Warwick,9,Sion,8,Shen,8,Aatrox,6,ApexTurret,6,3d ago,
뚠뚠펭귄,,5,10,Sejuani,9,Jarvan IV,8,Shen,8,Sion,7,Zeri,7,9h ago,
머저리 깅중밍,,4,10,Taric,10,Shen,10,Sejuani,8,Warwick,7,Jarvan IV,6,7h ago,
림찌녕,,3,13,Sion,9,Warwick,9,Aatrox,8,ApexTurret,8,Heimerdinger,8,15h ago,
zi존현쥰장,,3,14,Shen,12,Taric,11,ApexTurret,7,Heimerdinger,7,Senna,7,6d ago,
Boring,,3,12,Sejuani,11,Ashe,10,Urgot,9,Sion,8,Jinx,8,9h ago,
양성진,,8,13,Sion,16,ApexTurret,9,Heimerdinger,9,Jarvan IV,9,Urgot,8,9h ago,
박 스,,6,9,Ahri,13,Shen,12,Taric,12,ApexTurret,9,Heimerdinger,9,6h ago,
kissphs,,3,13,Shen,15,ApexTurret,9,Heimerdinger,9,Ahri,9,Yasuo,9,10h ago,
적사스오,,3,10,Jarvan IV,10,Ashe,9,Sejuani,9,Urgot,9,Ekko,8,2d ago,
자연은 마약이다,,4,8,Shen,10,Bel'Veth,9,Ahri,8,Sett,8,Zeri,8,14h ago,
약자의 여유,,0,10,Swain,10,Sejuani,9,Ahri,8,Nasus,8,Jarvan IV,7,1w ago,
Do xiansheng,,5,12,Kayle,19,Kled,19,Maokai,19,Poppy,19,Jarvan IV,16,15h ago,
FEARNOT 두부,,2,13,Sion,12,ApexTurret,9,Heimerdinger,9,Zeri,8,Aatrox,8,17h ago,
꽥꽥이 협회장,,3,14,Shen,12,Jarvan IV,11,Taric,10,ApexTurret,7,Heimerdinger,7,1w ago,
응애 나 애기보리,,2,10,Jarvan IV,10,Shen,9,Warwick,9,Sion,7,Nasus,7,3d ago,
여린잎,,5,12,Swain,8,Taric,8,Lux,7,Shen,7,Sion,6,1w ago,
mortdogisJOAT,,5,11,Shen,9,Ahri,9,Sion,7,Sejuani,7,ApexTurret,6,4d ago,
아기뚜긔,,1,11,Shen,13,Irelia,7,Yasuo,7,Warwick,7,Lissandra,6,10h ago,
똥치우는중,,1,9,Shen,10,Taric,9,ApexTurret,9,Heimerdinger,9,Ahri,9,3d ago,
WinMo,,2,11,Shen,10,Taric,8,Sion,8,Lissandra,7,K'Sante,7,1d ago,
퀸카 은지,,4,11,ApexTurret,9,Heimerdinger,9,Shen,9,Taric,8,Urgot,8,2d ago,
배 서,,2,12,Jarvan IV,13,Nasus,9,Shen,8,Taric,8,Sejuani,7,1d ago,
스미노프,,4,11,Taric,10,Shen,9,Sion,8,Ahri,7,Urgot,7,13h ago,
발바닥위에,,5,10,Sona,16,Swain,16,Vel'Koz,16,Taliyah,15,Teemo,15,2d ago,
고건희,,1,10,Taric,11,Shen,9,Sion,8,Lissandra,7,Senna,6,5d ago,
Naberius,,2,10,Sejuani,10,Ashe,9,Urgot,9,Zeri,8,Jarvan IV,7,9h ago,
이름없는우유,,2,12,Swain,14,ApexTurret,13,Heimerdinger,13,Darius,12,Katarina,11,18h ago,
pongche,,4,11,Gwen,10,Sett,10,ApexTurret,9,Heimerdinger,9,Warwick,9,14h ago,
뽀뇨뽀뇨,,4,13,ApexTurret,16,Heimerdinger,16,Shen,15,Ahri,14,Taric,12,10h ago,
Vaundy2,,0,7,Shen,9,Swain,9,Nasus,7,Taric,7,Jarvan IV,6,1w ago,
꽁꽁치,,4,11,Jarvan IV,9,Shen,9,ApexTurret,8,Heimerdinger,8,Lux,7,15h ago,
거북목여유증한남,,4,16,ApexTurret,11,Heimerdinger,11,Sion,10,Sejuani,7,Aatrox,6,1w ago,
EARFQUAKF,,2,10,Shen,19,Ahri,17,Aatrox,15,Sion,14,Bel'Veth,13,16h ago,
페이커wife,,3,11,Taric,13,Shen,11,Aatrox,11,Lissandra,10,Sejuani,10,1w ago,
투덜이 김뚜헝,,4,9,ApexTurret,9,Heimerdinger,9,Sejuani,9,Sion,8,Aatrox,7,3d ago,
김치현민,,2,9,Taric,9,Lissandra,8,Shen,7,Ashe,7,Sejuani,7,2d ago,
몽몽펀치,,0,15,ApexTurret,10,Heimerdinger,10,Taric,10,Shen,8,Lissandra,8,22h ago,
강한주성,,1,14,Taric,11,Shen,8,Urgot,7,Swain,6,Jarvan IV,6,5d ago,
Vincom,,4,10,ApexTurret,11,Heimerdinger,11,Shen,10,Taric,8,Warwick,7,1d ago,
하얀강아지대추,,0,13,Warwick,11,Sejuani,8,Kai'Sa,7,Lissandra,7,Zeri,7,15h ago,
롤체6재밌다며,,5,12,Taric,9,Shen,8,Sion,8,Ahri,7,Jarvan IV,7,3d ago,
인니이,,4,10,Shen,10,Lissandra,7,ApexTurret,7,Heimerdinger,7,Warwick,7,1w ago,
광주천수온측정가,,4,12,Sejuani,10,Ashe,9,Lissandra,8,Sion,7,Urgot,7,1w ago,
별을 사랑한다,,1,8,Swain,11,Taric,9,Vel'Koz,9,Jarvan IV,8,Kassadin,8,21h ago,
MWMWMWMWMWMWMWM,,4,14,Taric,10,Swain,9,Sion,8,Jarvan IV,7,Ahri,6,4d ago,
10년만에피어난꽃,,3,13,Shen,7,Jarvan IV,6,Maokai,6,Sion,6,Swain,6,4d ago,
98148853del,,3,7,Shen,9,Warwick,9,Taric,8,Yasuo,7,Irelia,6,15h ago,
꽉찬2,,6,17,Shen,9,Taric,8,Swain,8,Darius,7,Katarina,6,5d ago,
오세백,,2,14,ApexTurret,13,Heimerdinger,13,Shen,12,Taric,11,Jarvan IV,10,11h ago,
태 희 님,,5,12,Jarvan IV,20,Lux,20,Taric,19,Shen,18,Swain,17,3d ago,
꼬라박는AD,,4,14,Shen,10,Senna,8,Swain,6,Sion,6,Taric,6,9h ago,
개구리는개굴,,1,11,Kai'Sa,9,Shen,8,Jarvan IV,7,Gwen,7,Warwick,7,5d ago,
말랑아놀자,,4,12,Senna,7,ApexTurret,6,Heimerdinger,6,Taric,6,Shen,5,5d ago,
착한고양이제리,,2,9,Warwick,8,Shen,7,Ahri,6,Taric,6,Ekko,6,3d ago,
오구차,,5,13,Shen,15,Urgot,10,Sejuani,10,Taric,9,ApexTurret,8,4d ago,
손영준,,5,15,Lissandra,11,Sejuani,10,ApexTurret,9,Heimerdinger,9,Shen,9,1w ago,
계 패,,2,7,Swain,12,Jarvan IV,8,Darius,7,Taric,7,Lux,7,6d ago,
엘무무,,1,11,Sejuani,10,Shen,10,ApexTurret,8,Heimerdinger,8,Jarvan IV,8,2d ago,
모트롤체사고방식,,4,14,Swain,9,Jarvan IV,9,Ahri,7,Taric,7,Lux,6,1w ago,
19 years old,,3,9,Shen,10,Swain,9,Taric,7,Ahri,6,Sett,6,4d ago,
강하다 박주성,,2,13,Shen,8,Jarvan IV,7,Taric,7,Sejuani,7,Swain,6,1d ago,
vlelrk123,,2,13,Sion,9,Aatrox,8,ApexTurret,7,Heimerdinger,7,Ahri,7,2w ago,
블루안머거요,,5,15,Shen,12,Taric,10,Ahri,9,ApexTurret,8,Heimerdinger,8,1d ago,
롤안하고롤체는함,,4,12,Shen,10,Sejuani,9,Sion,9,Taric,8,Jarvan IV,7,1d ago,
뒤없이앞으로,,2,13,Shen,15,Sion,12,Ashe,8,Sejuani,8,Urgot,8,15h ago,
모트독 씨1발련,,4,14,Shen,14,Warwick,13,Yasuo,12,Irelia,11,Kai'Sa,11,1w ago,
형상변환자,,3,12,Shen,9,Sion,8,Taric,8,Aatrox,7,Sejuani,7,1d ago,
감정 리롤 장인,,3,8,Sion,10,Taric,9,ApexTurret,7,Heimerdinger,7,Shen,7,15h ago,
절대좌절하지않아,,1,8,Swain,7,Taric,7,Senna,7,Shen,6,Warwick,6,4d ago,
집에서하는빠칭코,,5,13,Shen,12,Sion,10,ApexTurret,10,Heimerdinger,10,Jarvan IV,8,1d ago,
종굴이,,2,13,Shen,10,Sejuani,10,Urgot,10,Ashe,9,Zeri,9,15h ago,
Aozaki Of TFT,,4,11,Jarvan IV,14,ApexTurret,11,Heimerdinger,11,Swain,10,Kled,6,9h ago,
수학30번,,1,13,Sejuani,11,ApexTurret,9,Heimerdinger,9,Ashe,8,Lissandra,8,2d ago,
모 유,,5,13,ApexTurret,11,Heimerdinger,11,Swain,9,Jarvan IV,9,Shen,7,13h ago,
TFT 재라,,3,9,Swain,10,Lissandra,9,Taliyah,8,ApexTurret,7,Heimerdinger,7,4d ago,
Zork,,6,11,Urgot,13,Sejuani,12,Zeri,12,ApexTurret,11,Heimerdinger,11,12h ago,
코인은사기판,,3,11,Shen,9,Warwick,8,Sion,8,Urgot,8,Taric,7,2d ago,
Wait More,,1,11,Kai'Sa,7,Bel'Veth,6,Jarvan IV,6,Sion,5,Ahri,5,5d ago,
제주삼다수3,,4,8,Shen,11,Sion,8,Aatrox,7,Taric,6,K'Sante,5,16h ago,
팔타선,,3,9,Yasuo,8,Kai'Sa,6,Irelia,6,Kalista,6,Lissandra,6,8h ago,
Trente,,3,16,ApexTurret,11,Heimerdinger,11,Urgot,11,Sejuani,9,Sion,8,1d ago,
햄스터햄스터,,4,14,ApexTurret,8,Heimerdinger,8,Shen,8,Sion,7,Jarvan IV,7,1w ago,
드박ºº,,3,11,ApexTurret,9,Heimerdinger,9,Taric,9,Shen,8,Sejuani,8,3d ago,
Kaerina,,3,13,Sion,13,Shen,12,Urgot,11,Sejuani,9,Lissandra,9,1d ago,
01027210163,,3,12,ApexTurret,12,Heimerdinger,12,Sion,11,Lissandra,9,Urgot,8,2d ago,
저마늄,,4,11,Shen,13,ApexTurret,9,Heimerdinger,9,Jarvan IV,7,Sejuani,7,1d ago,
총잡이 정찰대,,3,9,Sejuani,8,Jinx,7,Warwick,7,Shen,7,Urgot,6,2d ago,
정글의 스탠스,,2,11,Warwick,10,Shen,9,Urgot,8,Jarvan IV,7,Ashe,6,5d ago,
난 7해,,1,11,Aatrox,12,Swain,9,Sion,9,Jarvan IV,8,Lux,7,5d ago,
실 세,,3,8,Aatrox,8,Shen,8,ApexTurret,7,Heimerdinger,7,Ahri,7,12h ago,
하늘은 파란색,,3,8,Sejuani,14,Lissandra,12,Ashe,10,Urgot,10,Shen,9,18h ago,
마노마노,,4,10,Shen,10,Zeri,8,Lissandra,7,Urgot,7,Sejuani,7,1d ago,
알라알랄라,,3,11,Taric,11,Shen,10,Soraka,8,Lissandra,8,Ahri,6,1d ago,
Elemental,,4,11,Shen,12,Warwick,7,Jarvan IV,6,Aatrox,6,Ahri,6,14h ago,
DOMINAT0R,,2,11,Swain,14,Taric,13,Jarvan IV,12,Lux,11,Sett,8,2d ago,
민트초코탕수육,,4,11,Shen,12,Aatrox,10,Sejuani,9,Taric,8,Yasuo,8,4d ago,
과제 많은 넙죽이,,1,7,Shen,11,ApexTurret,11,Heimerdinger,11,Yasuo,9,Karma,8,1d ago,
봉코로,,5,16,Urgot,12,Warwick,10,ApexTurret,9,Heimerdinger,9,Ekko,9,19h ago,
ryu5601,,0,8,Lissandra,8,Shen,7,Soraka,7,Taric,7,Cassiopeia,5,18h ago,
간 z1,,4,9,Shen,12,Swain,11,Lux,11,Taric,11,Jarvan IV,8,3d ago,
롤체인생준혁이,,2,11,Shen,9,Warwick,8,Urgot,7,Ekko,6,Sion,6,2d ago,
오늘도고생추,,3,13,Zeri,12,Warwick,12,ApexTurret,11,Heimerdinger,11,Urgot,11,1d ago,
이제는 꼰대야,,4,13,Shen,10,Ahri,9,Swain,8,Aatrox,8,Taric,6,1w ago,
나흐체러,,4,8,Urgot,9,Shen,8,Ashe,7,Lissandra,7,Sejuani,7,13h ago,
아카설,,8,12,Ahri,21,Jarvan IV,19,Shen,19,Taric,19,Galio,17,3d ago,
이세사범,,4,13,Ahri,11,Karma,10,Shen,10,Taric,9,Sion,9,17h ago,
Molcar,,3,14,Sion,8,Swain,8,Jarvan IV,8,Sejuani,7,Urgot,7,1w ago,
스을 배고프네,,5,10,Nasus,9,Jarvan IV,8,Akshan,8,Swain,7,Kalista,6,3d ago,
2239LV,,7,15,Shen,12,Ahri,9,ApexTurret,9,Heimerdinger,9,Urgot,9,13h ago,
체인소 포치타,,2,11,Shen,10,Sion,8,Sejuani,7,Urgot,6,Lissandra,5,3d ago,
동양너구리,,3,9,Sejuani,8,ApexTurret,7,Heimerdinger,7,Sion,7,Taric,7,1d ago,
엠브로돈까스,,3,11,Heimerdinger,11,ApexTurret,10,Shen,7,Taric,7,Jarvan IV,7,10h ago,
롤체좀치는사람,,3,11,Shen,10,Urgot,9,Zeri,8,Ahri,7,Taric,7,2d ago,
행운잡기,,3,9,Warwick,11,Urgot,9,Ashe,8,Nasus,8,Sion,7,13h ago,
자신있는 도박,,2,15,Taric,13,Shen,13,Lissandra,9,Jarvan IV,7,Ashe,7,1w ago,
제리덱,,1,10,Shen,10,Taric,10,Lissandra,7,Sejuani,6,Soraka,6,20h ago,
지하킹김경제,,4,6,Jarvan IV,11,Heimerdinger,10,ApexTurret,9,Taliyah,9,Azir,8,2d ago,
롤을하면롤롤롤,,3,11,Shen,18,Jarvan IV,15,Lux,15,Taric,14,Swain,13,14h ago,
쌈 굴,,0,8,Sejuani,9,Lissandra,8,Jarvan IV,7,Shen,7,Yasuo,6,4d ago,
고운산,,2,10,ApexTurret,10,Heimerdinger,10,Sejuani,9,Lissandra,8,Senna,7,12h ago,
가끔롤체하는사람,,3,11,ApexTurret,11,Heimerdinger,11,Shen,10,Ahri,8,Sion,8,13h ago,
신우챌린저간다,,6,11,Sejuani,9,Ashe,8,Swain,8,Urgot,7,Sion,7,1d ago,
cex 탱탱,,1,8,Vel'Koz,9,Jarvan IV,9,Kai'Sa,7,Taric,7,Jinx,6,1d ago,
AgathaZest,,6,11,Jarvan IV,9,Shen,9,Sion,8,Swain,7,Taric,7,4d ago,
그만 못하기,,2,10,Sejuani,9,Jarvan IV,9,ApexTurret,7,Heimerdinger,7,Nasus,7,16h ago,
토토로가좋아오,,0,7,Jarvan IV,13,Urgot,12,Warwick,11,Ashe,10,Jinx,9,5d ago,
투덜킴,,2,14,Shen,8,Gwen,7,Ahri,7,ApexTurret,7,Heimerdinger,7,3d ago,
Y Shuhua,,3,10,Jarvan IV,11,Taric,11,Bel'Veth,9,Sion,8,Shen,8,3d ago,
김동민2,,1,10,Shen,9,Sett,8,Kled,6,Darius,6,Ahri,6,11h ago,
클레스메이트,,3,10,Sion,10,Gwen,7,Senna,7,Shen,7,Bel'Veth,6,1d ago,
조그마한 야무,,3,14,Shen,10,Swain,8,Sion,8,Ahri,7,Samira,7,1d ago,
전형수,,3,11,Sion,7,Zeri,7,Nasus,7,Warwick,6,Swain,5,1w ago,
Reaver,,2,10,Shen,10,Sejuani,10,Lissandra,9,Jarvan IV,8,Sion,7,17h ago,
든질레,,2,12,Warwick,9,Irelia,8,Yasuo,8,Shen,8,Sion,6,13h ago,
3일고민한아이디,,4,9,Shen,14,ApexTurret,9,Heimerdinger,9,Senna,9,Aatrox,8,17h ago,
벚꽃날,,1,9,Taric,11,Shen,10,Swain,10,Ahri,6,Jarvan IV,6,1d ago,
엉덩이왕웰시코기,,4,11,Sejuani,10,Taric,9,ApexTurret,8,Heimerdinger,8,Lissandra,8,17h ago,
즐겜하는 노마딕,,4,11,Ashe,11,Shen,10,Sejuani,9,Urgot,8,Aphelios,8,1d ago,
매일5KM,,2,11,Shen,11,Taric,9,ApexTurret,9,Heimerdinger,9,Jarvan IV,7,1d ago,
카마도 띵지로,,3,8,Shen,16,Taric,12,Ahri,11,Jarvan IV,11,Sett,9,16h ago,
llIIllIIIlllll,,0,10,Shen,10,Sejuani,9,Urgot,9,Warwick,8,Lissandra,8,3d ago,
짭동글,,1,10,Swain,12,Shen,9,Jarvan IV,8,Urgot,7,Ahri,6,1w ago,
대만근,,2,11,Senna,7,ApexTurret,6,Heimerdinger,6,Lissandra,6,Taric,6,12h ago,
game0jang,,3,6,Shen,13,Galio,10,Karma,10,Lissandra,10,Taric,10,17h ago,
롤할때인성터짐,,3,11,Swain,10,Jarvan IV,9,Ahri,8,Lux,8,Zeri,7,4d ago,
똘이의 똘똘이,,3,10,Shen,13,Taric,13,Ahri,11,Yasuo,7,ApexTurret,6,12h ago,
나인가요,,2,12,Warwick,9,ApexTurret,8,Heimerdinger,8,Jarvan IV,7,Ekko,6,3d ago,
턱털인간,,6,12,Sion,10,Shen,9,Jinx,8,Sejuani,8,Zeri,8,18h ago,
나만안붙음,,5,11,Jarvan IV,10,Taric,7,Sion,6,Ahri,6,Shen,6,2d ago,
도도훈훈,,4,10,Shen,8,Taric,7,Zeri,6,Ashe,6,Sejuani,6,1d ago,
백병원심영,,0,11,Warwick,8,Shen,7,Swain,7,Samira,6,Ashe,5,1d ago,
치캉캉,,7,10,ApexTurret,14,Heimerdinger,14,Jarvan IV,13,Taric,13,Shen,13,16h ago,
스위스할머니,,2,12,Ashe,8,Sejuani,8,Shen,7,Jarvan IV,6,Urgot,6,6d ago,
chessminist,,3,13,Yasuo,12,Shen,11,Kai'Sa,11,Irelia,10,ApexTurret,8,1d ago,
느그B허벌자G,,2,11,Urgot,11,Zeri,10,Nasus,8,ApexTurret,7,Heimerdinger,7,3d ago,
소사잡화점,,6,15,Zeri,12,Urgot,11,Sion,9,Sejuani,9,Lux,8,6d ago,
조희창,,6,14,Taric,21,Ahri,20,Lux,20,Swain,20,Galio,19,1d ago,
식 햄,,3,13,Urgot,11,ApexTurret,9,Heimerdinger,9,Senna,8,Zeri,8,7h ago,
뚜루뚜빠라빠라41,,3,10,Shen,9,Sion,7,Lissandra,6,Ahri,6,Karma,6,5d ago,
adsfaerhehenjete,,3,10,Jarvan IV,9,Sejuani,9,Nasus,8,Taric,6,Lissandra,6,16h ago,
unsung한녀석,,0,9,Shen,10,ApexTurret,9,Heimerdinger,9,Senna,8,Ahri,7,3d ago,
Evoprim,,3,13,Swain,9,Sion,8,ApexTurret,8,Heimerdinger,8,Aatrox,7,1d ago,
잘하는지 모름,,2,14,Lissandra,14,Shen,14,Taric,11,ApexTurret,8,Heimerdinger,8,1d ago,
Te로리st,,1,12,Aatrox,7,Swain,7,Sion,6,Shen,6,Lissandra,5,1d ago,
Kerit,,3,10,Sion,9,Urgot,8,Sejuani,8,Shen,8,Aatrox,7,2d ago,
날아가는새를보라,,3,10,Shen,10,Taric,7,Bel'Veth,6,Karma,6,Soraka,6,3d ago,
게임잘하는남자2,,0,11,Shen,9,ApexTurret,9,Heimerdinger,9,Taric,8,Warwick,8,10h ago,
중환자실입니다,,1,12,Shen,11,Taric,10,ApexTurret,7,Heimerdinger,7,Lux,6,1d ago,
김빵떡,,6,11,Shen,14,Ahri,8,ApexTurret,6,Heimerdinger,6,K'Sante,6,9h ago,
매도용인감증명서,,5,12,ApexTurret,11,Heimerdinger,11,Aatrox,10,Sion,9,Shen,8,1d ago,
vbra,,3,11,ApexTurret,9,Heimerdinger,9,Shen,8,Karma,7,Taric,7,8h ago,
야생동물뜨또,,4,9,Ashe,9,Lissandra,9,Sejuani,7,Warwick,6,Shen,6,14h ago,
스 딸,,7,12,Ahri,20,Galio,19,Jarvan IV,19,Lux,19,Taric,19,18h ago,
다들 건강하세요,,2,10,Sejuani,10,Warwick,9,Ekko,9,Kalista,8,Urgot,8,2d ago,
제황산,,1,13,Shen,10,Warwick,10,Jarvan IV,8,Yasuo,8,Kai'Sa,8,1d ago,
쌈아치채채,,3,12,Shen,10,Ahri,7,Lissandra,7,Yasuo,7,Warwick,6,1w ago,
탑으로 가야해,,3,11,Sion,11,Shen,11,Sejuani,10,Urgot,8,Lissandra,8,2d ago,
운없는망캐,,1,8,Sion,8,Shen,8,Jarvan IV,7,Ahri,7,Taric,7,1d ago,
Depenn,,4,12,Sejuani,14,Lissandra,10,Sion,9,ApexTurret,9,Heimerdinger,9,1d ago,
69억 이재원,,7,16,Aatrox,11,Jarvan IV,8,Sejuani,7,Shen,7,Swain,7,4d ago,
TFT판수장인,,2,11,Taric,9,Sejuani,8,ApexTurret,7,Heimerdinger,7,Urgot,7,4d ago,
부디 아픔이 없이,,3,11,Sion,10,Shen,10,Sejuani,8,Lissandra,8,ApexTurret,7,10h ago,
우리 모데 개모대,,1,11,ApexTurret,7,Heimerdinger,7,Zeri,6,Maokai,6,Sion,5,6d ago,
용기있는 문도,,1,11,Cassiopeia,12,Shen,8,Taric,8,Samira,8,Swain,7,2d ago,
샛바람28,,3,10,Swain,14,Taric,10,Jarvan IV,9,Lux,8,Malzahar,8,3d ago,
베베 지보배 아스트롤라베,,2,13,ApexTurret,11,Heimerdinger,11,Ekko,9,Sion,8,Swain,8,4d ago,
크흐맨,,2,9,Warwick,8,Swain,7,Yasuo,7,Jarvan IV,6,ApexTurret,6,17h ago,
알파체스,,1,11,Shen,11,Sejuani,8,Taric,7,Jarvan IV,6,Kai'Sa,6,2d ago,
구마우식,,2,7,Sion,8,Sejuani,8,Shen,7,Taric,6,Ahri,6,1d ago,
쥐자친구,,6,15,ApexTurret,16,Heimerdinger,16,Taric,8,Kalista,7,Zeri,7,6d ago,
시 앳,,3,10,Swain,8,Taric,6,Shen,6,Vel'Koz,6,ApexTurret,6,1w ago,
Ahrariz,,2,10,Sion,10,Shen,9,Jarvan IV,8,Senna,7,Ahri,7,15h ago,
메추리777,,2,11,ApexTurret,9,Heimerdinger,9,Shen,8,Azir,6,Aatrox,6,1d ago,
광기의 CC기,,4,10,Shen,11,Kai'Sa,7,Yasuo,7,Swain,7,Kalista,7,1d ago,
랑수민,,3,10,Shen,9,Sejuani,8,Warwick,7,Kai'Sa,7,Yasuo,7,16h ago,
바위타입부엉이,,5,6,Taric,12,Shen,10,Lissandra,10,Karma,7,Jarvan IV,7,8h ago,
Mig 서카,,4,11,Shen,13,Sion,9,Jarvan IV,9,Taric,8,Ahri,8,21h ago,
역대급 천재 감귤,,4,11,Ahri,12,Sion,11,Shen,11,Taric,10,Lissandra,9,1d ago,
inSec,,2,11,Sion,14,ApexTurret,8,Heimerdinger,8,Poppy,7,Zeri,7,7h ago,
식하로,,2,12,Shen,10,Ahri,8,Taric,8,Yasuo,7,Karma,6,1w ago,
벼랑순대국,,1,10,Shen,13,Yasuo,9,Taric,8,Warwick,6,Sejuani,6,16h ago,
순살치킨은밥도둑,,2,9,Sejuani,10,Ashe,8,Urgot,8,Lissandra,7,Zeri,7,13h ago,
bulow,,6,13,Taric,10,Ahri,9,ApexTurret,9,Heimerdinger,9,Shen,8,1d ago,
계 지,,3,13,Shen,10,Taric,9,K'Sante,7,Lissandra,6,Karma,6,6d ago,
달 쫀,,5,8,Urgot,10,Sejuani,9,Zeri,9,ApexTurret,8,Heimerdinger,8,1d ago,
17학번 심규정,,2,10,Sion,9,Aatrox,9,Shen,9,Swain,8,Taric,8,1d ago,
오늘은 이걸로 해,,2,13,Taric,10,Sejuani,10,Shen,9,Aphelios,9,Lissandra,9,4d ago,
르고아르고,,3,12,Maokai,10,Taric,8,Shen,7,Gwen,6,Senna,6,19h ago,
Acro 박원진,,2,11,Ashe,20,Sejuani,20,Lissandra,16,Aphelios,15,Taric,15,2d ago,
겨울여름눈,,1,8,Warwick,11,Sejuani,9,Sion,8,Zeri,8,Urgot,8,3d ago,
봄 겨울,,5,10,Sion,9,Warwick,8,Kai'Sa,6,Yasuo,6,Samira,6,3d ago,
칸 그레이,,4,12,Warwick,10,Shen,8,Zeri,8,Sejuani,8,Urgot,8,5d ago,
6논술 가즈아,,4,13,Shen,10,Warwick,9,ApexTurret,8,Heimerdinger,8,Jinx,8,5d ago,
양치돈 맛있다,,3,14,Swain,12,Jarvan IV,10,Shen,9,Lux,8,Sion,7,2w ago,
가을잎계절,,1,7,Senna,9,Urgot,9,Ashe,8,Lissandra,8,Sejuani,8,1d ago,
시 문,,6,15,Shen,18,Ahri,16,ApexTurret,15,Heimerdinger,15,Taric,14,3d ago,
A maestro,,1,8,Urgot,11,Shen,10,Sejuani,9,Sion,9,Zeri,7,3d ago,
LoL James,,4,12,Shen,13,Taric,11,Sejuani,10,Urgot,9,Ashe,9,13h ago,
무지성탑이되고파,,4,13,Shen,13,Ahri,12,Taric,11,Jarvan IV,10,Lux,10,2d ago,
zmxncasad,,5,11,Swain,16,Samira,12,Darius,12,Katarina,12,Kled,9,2d ago,
돌덩이원챔,,1,8,ApexTurret,8,Heimerdinger,8,Shen,8,Zeri,7,Senna,6,12h ago,
명재성,,4,11,Taric,10,Lissandra,9,Shen,9,ApexTurret,8,Heimerdinger,8,7h ago,
재 온,,1,9,Shen,14,Taric,13,Karma,9,Sett,8,Jarvan IV,7,1w ago,
달밤귤단주,,4,15,Shen,9,Sejuani,9,Nasus,9,ApexTurret,8,Heimerdinger,8,6d ago,
MSGs Uzi,,2,17,Ashe,12,Sejuani,12,Lissandra,12,Taric,9,Shen,8,5d ago,
일구구삼,,1,9,Shen,8,Lissandra,7,ApexTurret,7,Heimerdinger,7,Sejuani,7,1d ago,
검사티모,,4,10,Kai'Sa,8,Yasuo,8,Sett,8,Bel'Veth,7,Kalista,7,22h ago,
Tony Takitani,,3,13,ApexTurret,9,Heimerdinger,9,Shen,9,Kai'Sa,8,Yasuo,7,3d ago,
곰돌이라규,,3,11,Swain,8,Shen,8,Taric,8,Warwick,7,Jarvan IV,6,18h ago,
주영손,,6,15,Shen,9,ApexTurret,7,Heimerdinger,7,Ekko,7,Taric,7,2d ago,
ChikaPuka,,6,12,Ahri,8,Taric,8,Swain,7,Shen,7,Jarvan IV,7,2d ago,
경찰드릴조,,2,13,ApexTurret,8,Heimerdinger,8,Nasus,8,Shen,7,Jarvan IV,7,4d ago,
다음 생엔 앵무새,,3,12,Shen,10,Sion,9,Ahri,8,Karma,8,Taric,7,8h ago,
소이느,,3,11,Jarvan IV,10,Shen,9,Warwick,8,Swain,7,Taric,7,6d ago,
갓유비,,6,14,Taric,15,Shen,12,Ashe,11,Sejuani,11,Urgot,11,1w ago,
AFTV밍둘레,,2,7,Shen,12,Taric,9,Lissandra,7,Swain,7,Jarvan IV,6,2d ago,
채리플랑,,4,11,Heimerdinger,9,ApexTurret,8,Jarvan IV,8,Jinx,8,Zeri,8,4d ago,
나체로롤체,,2,11,Gwen,7,Shen,7,Ahri,6,Bel'Veth,6,Warwick,6,5d ago,
pororri,,2,8,Sion,12,ApexTurret,10,Heimerdinger,10,Sejuani,8,Urgot,6,15h ago,
조선반도 조커,,7,10,Taric,19,Jarvan IV,18,Swain,18,Lux,17,Shen,17,1d ago,
전설이 나만없어,,3,8,Lissandra,12,Sejuani,11,Ashe,10,Nasus,8,Jarvan IV,7,1d ago,
르바르바2,,1,9,Taric,11,Jarvan IV,9,Shen,9,Sona,8,Swain,8,3d ago,
살려줘 지옥이야,,2,11,Viego,16,Ekko,15,Maokai,15,Poppy,15,Tristana,15,10h ago,
봄이언제올까,,4,13,Shen,8,Taric,8,Jarvan IV,7,Ahri,7,ApexTurret,6,4d ago,
관자빵,,3,12,ApexTurret,9,Heimerdinger,9,Urgot,8,Yasuo,7,Warwick,7,6d ago,
공 솰,,5,13,Sion,10,Bel'Veth,7,Shen,7,Ahri,7,Taric,7,4d ago,
Moscow Five,,1,11,Urgot,9,Warwick,8,Sejuani,8,Ashe,7,Lissandra,7,2d ago,
핑삥이,,3,14,Sejuani,14,Urgot,13,Ashe,12,Sion,8,Shen,8,15h ago,
너랑 달라,,2,9,Taric,13,Shen,9,Sejuani,8,Lissandra,7,Sion,6,3d ago,
김설청,,4,12,Sejuani,11,ApexTurret,10,Heimerdinger,10,Urgot,8,Aatrox,7,7h ago,
Clound9,,0,11,Taric,11,Ahri,8,ApexTurret,8,Heimerdinger,8,Swain,7,15h ago,
깨비둥절,,3,12,Shen,14,Taric,13,Ahri,11,Galio,10,Lissandra,9,1d ago,
030까진역전가능,,4,13,Shen,13,Taric,12,Ahri,11,ApexTurret,11,Heimerdinger,11,4d ago,
젭라그것만은,,3,11,Sion,14,Shen,13,Ahri,12,ApexTurret,8,Heimerdinger,8,2d ago,
너가 좀 알려줘,,2,8,Shen,10,Lissandra,7,Sejuani,7,Sion,7,ApexTurret,6,1d ago,
박준필,,5,15,Shen,15,ApexTurret,14,Heimerdinger,14,Swain,13,Taric,13,6d ago,
H종필,,1,14,Sejuani,14,Ashe,13,Sion,8,Zeri,8,Urgot,8,1d ago,
Twitch 작은거인,,2,10,Taric,10,Shen,9,Sejuani,9,Jarvan IV,8,Ahri,7,17h ago,
사인람간임,,0,11,Shen,11,Taric,10,Karma,9,Lissandra,8,Jarvan IV,7,1d ago,
텔포플,,3,9,Shen,12,Taric,12,Sejuani,10,Ashe,8,Urgot,8,13h ago,
티모핥기,,5,9,Shen,19,Taric,19,Jarvan IV,18,Swain,18,Lux,17,3d ago,
도루룽,,3,13,Lissandra,8,Sion,7,Sejuani,7,Shen,6,Jarvan IV,6,10h ago,
카타기리 켄,,3,14,Sion,11,Sejuani,9,Jarvan IV,8,Urgot,8,Warwick,8,2d ago,
각성이,,1,10,Warwick,12,Zeri,8,ApexTurret,7,Heimerdinger,7,Jinx,7,3d ago,
Flancy,,2,11,Swain,8,Sejuani,8,Warwick,7,Ekko,6,Sion,6,7h ago,
2leo,,4,11,Shen,8,Taric,8,Warwick,7,Aatrox,6,Nasus,6,1w ago,
랩동젤,,1,15,Warwick,10,Shen,8,Aatrox,8,Taric,7,Urgot,7,1d ago,
InV Arthur,,3,11,Taric,10,Ahri,9,Shen,9,Urgot,8,Sejuani,7,1d ago,
가입일,,2,8,Shen,11,Kai'Sa,9,Lissandra,8,Sion,7,Gwen,7,5d ago,
fineppIe,,3,11,Swain,7,ApexTurret,7,Heimerdinger,7,Taric,7,Shen,7,17h ago,
소문안도둑,,2,7,Shen,10,Ahri,8,ApexTurret,8,Heimerdinger,8,Urgot,8,6d ago,
God Of Steelo,,3,11,Shen,8,Sejuani,8,Sion,7,Urgot,7,Zeri,7,1d ago,
동짱이야,,2,9,Shen,10,Sion,10,Taric,8,Bel'Veth,7,Ahri,7,1w ago,
조몽군,,2,12,Jarvan IV,10,Aatrox,8,Ahri,6,Taric,6,Shen,6,1w ago,
랑이랑이호랑이,,4,12,Bel'Veth,9,Gwen,9,Ahri,7,Yasuo,7,Aatrox,6,17h ago,
관양동 가죽장갑,,3,8,Shen,19,Ahri,18,Taric,16,Galio,10,ApexTurret,9,4d ago,
채우주,,0,12,Sejuani,10,Ashe,9,Urgot,9,Lissandra,7,Jinx,6,1d ago,
버0버0,,2,10,Lux,21,Jarvan IV,20,Taric,20,Ahri,19,ApexTurret,19,12h ago,
해킹왕한동숙,,5,15,ApexTurret,11,Heimerdinger,11,Shen,10,Taric,8,Urgot,7,1w ago,
무적통신,,6,17,Sion,12,Lissandra,10,Sejuani,10,Ashe,8,Senna,7,1w ago,
PEBLER,,4,8,Sion,9,Sejuani,8,Urgot,8,Jinx,7,Zeri,7,4d ago,
찍먹부먹따먹,,4,14,Lissandra,9,ApexTurret,9,Heimerdinger,9,Shen,9,Ashe,7,3d ago,
꾸꾸꾸꾸꾸꿀,,2,11,Shen,12,Taric,11,Swain,8,Ahri,7,Vel'Koz,6,1w ago,
점멸점멸,,2,10,Shen,9,Katarina,8,Sion,7,Darius,7,Sejuani,7,1d ago,
스이나요,,3,9,Taric,8,Jarvan IV,8,Swain,8,Shen,6,ApexTurret,5,4d ago,
오리너구리의부리,,1,11,Sejuani,10,Urgot,10,Warwick,8,Shen,8,Zeri,8,2d ago,
앙드로,,4,13,ApexTurret,11,Heimerdinger,11,Sion,11,Sejuani,7,Taric,7,16h ago,
몰랑띵,,2,9,Shen,12,Taric,7,Sejuani,7,Sion,6,ApexTurret,6,19h ago,
역미역미,,2,11,Swain,11,Darius,10,Samira,8,Kled,7,Cassiopeia,7,2d ago,
3성 말랑이,,2,11,Lissandra,14,Aphelios,10,Akshan,10,Sejuani,10,Ashe,9,1d ago,
매듭달 스물이틀,,7,10,Maokai,16,Poppy,16,Kayle,15,Jarvan IV,14,Kled,14,7h ago,
카리나3성,,1,10,Shen,11,Swain,9,Jarvan IV,9,Warwick,8,Yasuo,8,8h ago,
난 벙댕이야,,4,13,Shen,12,Taric,12,Ahri,11,ApexTurret,7,Heimerdinger,7,14h ago,
엔프렌드,,2,9,Shen,10,Taric,8,Swain,7,Sejuani,6,ApexTurret,5,1w ago,
두두둑드드닥,,5,15,ApexTurret,12,Heimerdinger,12,Jarvan IV,8,Shen,8,Ahri,7,14h ago,
망고는 강쥐,,2,13,Lissandra,9,ApexTurret,8,Heimerdinger,8,Taric,7,Urgot,7,3d ago,
동휘킴,,0,8,Jarvan IV,13,Lux,10,Swain,10,Taric,8,Shen,7,4d ago,
단검아저씨,,1,10,Shen,10,ApexTurret,9,Heimerdinger,9,Jarvan IV,9,Taric,9,4d ago,
DRX DooDoo,,4,9,ApexTurret,13,Heimerdinger,13,Shen,11,Ahri,11,Sion,11,18h ago,
올빼미형인간,,7,12,Shen,15,Taric,13,Ahri,12,Jarvan IV,11,ApexTurret,10,1w ago,
난몰라,,1,8,Taric,11,Shen,11,Jarvan IV,7,Sejuani,6,Lux,6,13h ago,
해탈한 구너,,3,11,Shen,11,Swain,8,Taric,8,Jarvan IV,7,Lissandra,6,4d ago,
평화의용사,,3,12,Shen,10,Gwen,9,Aatrox,8,Taric,7,Jarvan IV,6,3d ago,
명품캐시할인,,3,12,Sejuani,11,Shen,11,Urgot,9,Sion,9,Ashe,9,2d ago,
럼복치,,0,10,Taric,14,Shen,13,Soraka,12,Lissandra,12,Karma,10,1d ago,
AFREECATV 900607,,4,12,Sion,9,Jarvan IV,7,Aatrox,7,Gwen,7,ApexTurret,6,8h ago,
데블몽키,,2,11,Shen,14,Urgot,11,Taric,10,Sejuani,9,Ashe,9,1w ago,
아삭아삭 오곡 코코볼,,2,9,Ahri,14,ApexTurret,13,Heimerdinger,13,Shen,13,Sett,12,1d ago,
릭트쇼쇼트릭,,3,10,Taric,13,Shen,10,Lissandra,9,Karma,8,Sejuani,8,1d ago,
우투카지,,1,9,Sejuani,13,Urgot,8,Shen,7,Ashe,7,Zeri,6,1d ago,
공아가,,0,9,Sejuani,10,Taric,8,Ashe,7,Jarvan IV,7,Lissandra,7,22h ago,
내일이 있잖아,,3,10,Shen,10,Jarvan IV,10,Nasus,9,Azir,8,ApexTurret,7,6d ago,
사용불가능한계정,,2,10,Sion,9,Warwick,8,Zeri,8,ApexTurret,7,Heimerdinger,7,4d ago,
1등양보좀요,,0,11,Shen,12,ApexTurret,7,Heimerdinger,7,Urgot,7,Senna,6,2d ago,
마미찡,,2,6,Jarvan IV,15,Ahri,15,Lux,15,Swain,14,Shen,14,7h ago,
머리깨기장인,,4,13,ApexTurret,9,Heimerdinger,9,Sejuani,8,Urgot,8,Jarvan IV,7,1w ago,
치마를 내리거라,,2,7,Shen,12,Sejuani,11,Heimerdinger,10,ApexTurret,9,Sion,9,1w ago,
마시롱,,1,13,Swain,14,Jarvan IV,9,Lux,8,Azir,7,Nasus,7,1w ago,
TFT soraka,,4,9,Urgot,11,Warwick,9,Jinx,9,Sion,8,Jarvan IV,8,1d ago,
날렵한 집게발,,3,10,Shen,14,Taric,10,ApexTurret,9,Heimerdinger,9,Urgot,9,1d ago,
4등이 꼴등인사람,,3,14,ApexTurret,9,Heimerdinger,9,Sion,8,Ahri,7,Shen,7,18h ago,
RelevanTroll,,3,15,Lissandra,10,Shen,8,ApexTurret,7,Heimerdinger,7,Ashe,7,4d ago,
똥구리박,,4,15,Sion,8,Lissandra,8,Shen,8,Katarina,6,Sejuani,6,3d ago,
강글라,,2,12,Shen,18,Taric,15,Ahri,13,Jarvan IV,13,Lux,11,3d ago,
허름한 군밤모자,,1,14,Taric,13,Shen,12,Sion,11,Ahri,9,Karma,8,6d ago,
Bluewool,,5,11,Warwick,12,Samira,10,Jarvan IV,8,ApexTurret,8,Heimerdinger,8,2d ago,
Hiraino,,3,16,Katarina,17,Darius,16,Swain,13,Samira,13,Cassiopeia,11,1d ago,
Twitch 죠뜨,,3,12,Shen,9,Kai'Sa,7,ApexTurret,7,Heimerdinger,7,Sion,7,6d ago,
여자의로망2명철,,1,10,Shen,14,Taric,12,Sion,12,Lissandra,10,Ahri,9,2d ago,
우즈마키 조나단,,0,10,Sion,8,Urgot,6,Jinx,6,Sejuani,6,Shen,6,1d ago,
이기고있냐,,1,11,Swain,7,Nasus,7,Taric,7,Aatrox,6,Darius,6,1d ago,
풍상풍상,,2,10,Taric,15,Lissandra,13,Shen,13,Sejuani,12,Ashe,12,15h ago,
Uther,,1,13,Swain,10,Jarvan IV,9,Lux,8,Karma,7,Shen,7,3d ago,
완두완두컹,,3,10,Shen,11,Sejuani,9,Lissandra,9,Ashe,8,Sion,7,2d ago,
홀수시즌챌린저,,2,9,Taric,14,Shen,11,Karma,9,Ahri,8,Lissandra,8,1d ago,
팥빙수먹으러가자,,5,13,ApexTurret,11,Heimerdinger,11,Sion,11,Zeri,8,Jinx,7,9h ago,
로그아웃하게해줘,,6,12,Taric,10,Jarvan IV,9,Lissandra,9,Shen,9,Warwick,7,5d ago,
ESSE Change,,2,11,Lux,17,Shen,16,Jarvan IV,15,Galio,14,Ahri,13,2d ago,
멋쟁인머리안말려,,3,12,Shen,9,Jarvan IV,8,Sion,7,Yasuo,7,Swain,7,2d ago,
Ki Yong,,2,15,Shen,12,Ahri,9,Taric,8,Karma,7,ApexTurret,7,3d ago,
Daйdy,,3,13,Shen,8,Zeri,8,Gwen,7,ApexTurret,7,Heimerdinger,7,20h ago,
명터깅,,3,9,Shen,9,Lissandra,9,Karma,8,Sion,7,Ahri,7,11h ago,
허민욱 전용 백정,,3,10,Sejuani,8,Ahri,7,Shen,7,Jarvan IV,7,ApexTurret,6,1d ago,
해 묵,,4,12,Sion,12,ApexTurret,10,Heimerdinger,10,Sejuani,9,Shen,9,14h ago,
왕꿈틀이킬러,,3,11,Shen,9,Jarvan IV,8,Sejuani,6,Zeri,6,Warwick,6,22h ago,
아무코토못하죠,,3,11,Shen,7,Urgot,7,ApexTurret,6,Heimerdinger,6,Bel'Veth,6,1w ago,
꼬마펭구리,,2,8,Shen,10,Taric,7,Nasus,7,Ahri,6,Kalista,6,14h ago,
TR Zombi,,2,13,Sejuani,11,Shen,9,Taric,9,Sion,8,Warwick,7,2d ago,
왁와악,,5,8,Jarvan IV,22,Lux,20,Swain,20,Shen,20,Taric,19,1d ago,
LoveIsFree,,0,9,Shen,10,Nasus,9,Gwen,9,Jarvan IV,8,Swain,8,17h ago,
Ehna,,2,9,Sejuani,8,Kled,7,Swain,7,Ekko,7,Sion,6,5d ago,
그냥탑갑니다,,4,12,Shen,12,Taric,11,Sett,11,Ahri,10,Jarvan IV,10,16h ago,
여쩌리,,3,11,Sejuani,11,Shen,10,Taric,9,Lissandra,9,Urgot,8,18h ago,
퍼리킹,,3,12,Taric,9,Shen,9,Swain,8,Cassiopeia,7,Lissandra,7,3d ago,
이끈음,,2,11,Urgot,13,Taric,13,Sejuani,13,Shen,8,Zeri,8,13h ago,
유니크 네로,,1,8,Aatrox,8,Gwen,7,Sion,7,Zed,6,Maokai,6,1d ago,
유명한바늘장인,,2,10,Shen,8,Taric,7,Sejuani,7,Maokai,6,Lissandra,6,2d ago,
균이규니,,1,13,Yasuo,11,Shen,9,Ahri,8,ApexTurret,7,Heimerdinger,7,1d ago,
산이설이,,1,13,Swain,11,Jarvan IV,10,Lux,8,Taric,8,Shen,7,3d ago,
twitch 건2우,,0,5,Shen,9,Sejuani,8,Ashe,7,Senna,7,Urgot,6,5d ago,
Inativs,,4,9,Kalista,13,Shen,13,Gwen,12,Maokai,12,Taric,12,4d ago,
감유준,,3,8,Shen,12,Ahri,9,Swain,9,Taric,8,Yasuo,7,15h ago,
균상이,,3,15,Shen,11,Ahri,8,Karma,7,Aatrox,6,Gwen,6,2d ago,
MOA,,6,13,Sejuani,11,Shen,11,Ashe,10,Taric,10,Urgot,8,22h ago,
라면스프조절장인,,3,14,Swain,18,Shen,18,Jarvan IV,17,Lux,17,Taric,17,14h ago,
구오 일박,,3,12,Shen,11,Jarvan IV,9,Swain,9,Lux,9,Sion,8,13h ago,
탑후픽장인,,2,9,Senna,7,Swain,7,Taric,7,Aatrox,6,Ahri,6,1d ago,
공병장,,4,11,Maokai,10,Gwen,9,ApexTurret,8,Heimerdinger,8,Ekko,8,1d ago,
과학상자 3호,,3,12,Taric,11,Urgot,9,ApexTurret,8,Heimerdinger,8,Shen,8,3d ago,
PeaceLoveEmpathy,,2,12,Shen,9,Taric,9,Sion,8,Gwen,7,Senna,7,1d ago,
환준몬,,6,15,Gwen,19,Jarvan IV,19,Kayle,19,Kled,19,Poppy,19,15h ago,
회로냠냠,,5,9,Jarvan IV,20,Shen,20,Swain,20,Ahri,19,Lux,19,15h ago,
습관성 바닥 리롤,,4,13,Shen,10,ApexTurret,8,Heimerdinger,8,Senna,8,Taric,6,2d ago,
미리리미리2,,3,12,Ashe,12,Sejuani,11,Taric,11,Urgot,10,Akshan,10,6d ago,
상헌이가짱,,7,13,Sion,10,Shen,9,Ahri,9,ApexTurret,8,Heimerdinger,8,2d ago,
접률굿,,5,13,Sion,12,ApexTurret,11,Heimerdinger,11,Ahri,9,Shen,9,1w ago,
갱좀오면덧나냐,,6,11,Taric,16,Lux,16,Ahri,15,Swain,15,Shen,14,4d ago,
CURONEKO,,2,8,Shen,11,Sejuani,9,Taric,8,Jarvan IV,8,Aphelios,6,3d ago,
아칼리 마구마구,,5,12,Shen,16,Ahri,10,Bel'Veth,9,Sion,9,Aatrox,9,4d ago,
skt t1 이찬익,,0,9,Shen,11,Taric,8,ApexTurret,7,Heimerdinger,7,Aphelios,6,17h ago,
말안하는롤,,4,12,Shen,9,Senna,7,K'Sante,7,Taric,6,Sion,6,2d ago,
ONNGII,,2,11,Shen,11,Urgot,8,Yasuo,7,ApexTurret,6,Ashe,6,1w ago,
깨 철,,4,7,ApexTurret,9,Heimerdinger,9,Shen,9,Ahri,8,Taric,8,2d ago,
두찜간장맛,,3,12,Swain,8,ApexTurret,6,Heimerdinger,6,Taric,6,Nasus,6,3d ago,
쿄쿄앙,,7,9,Sion,13,ApexTurret,10,Heimerdinger,10,Senna,10,Shen,10,1d ago,
냥냥히,,4,11,Taric,14,Shen,13,Ahri,12,ApexTurret,10,Heimerdinger,10,1d ago,
IIIIIIlIllllII,,3,13,Sejuani,11,Sion,10,Urgot,10,Nasus,9,Shen,9,3d ago,
소브로,,2,12,Shen,10,Lissandra,9,Taric,9,Sejuani,7,Karma,7,3d ago,
한결같이소소하게오래오래,,3,9,Shen,11,Urgot,10,Taric,9,Aphelios,8,Sion,7,1w ago,
주종테란부종토스,,2,12,Sejuani,18,Lissandra,17,T-Hex,16,Vi,14,Shen,13,1w ago,
킬 뺏 긴 원 딜,,2,13,Jarvan IV,10,Taric,10,Urgot,9,Akshan,7,Ashe,7,1w ago,
이명박명치때리기,,5,14,Shen,11,Sion,8,Sejuani,8,Lissandra,7,Ashe,7,1d ago,
땡 정,,5,10,Urgot,10,Ashe,10,Sejuani,9,Taric,8,Zeri,8,1d ago,
My Paradise1,,6,14,Shen,12,Gwen,9,Senna,8,Yasuo,8,ApexTurret,8,5d ago,
dionjsy6871,,1,13,Jarvan IV,8,Sejuani,7,Ahri,7,Bel'Veth,7,Shen,7,3d ago,
돼지국밥돈까스,,0,9,Shen,12,Taric,11,Karma,7,Lissandra,7,Yasuo,6,1d ago,
안산꼬부기,,5,10,Shen,12,Urgot,8,Jarvan IV,7,ApexTurret,7,Heimerdinger,7,1d ago,
참예우,,1,9,Shen,9,Urgot,8,Taric,8,Aatrox,7,Jarvan IV,5,1d ago,
liilillllililiil,,4,11,Shen,19,Taric,18,Swain,16,Jarvan IV,15,Lux,15,2d ago,
문재욱,,3,8,Ahri,14,Shen,14,K'Sante,13,Sion,12,Senna,11,1d ago,
가젤펀치,,3,13,Taric,9,Shen,8,ApexTurret,8,Heimerdinger,8,Jarvan IV,8,3d ago,
신의자본,,2,15,Lissandra,10,Jarvan IV,10,Ahri,9,Taric,9,Nasus,8,1w ago,
나의작은코코,,3,13,Shen,11,Urgot,10,Lissandra,10,Ashe,9,Sejuani,9,4d ago,
WAWb,,3,9,Jarvan IV,12,Taric,12,Ahri,11,Shen,10,Swain,10,1w ago,
몽차선,,5,10,Sejuani,12,Urgot,12,Shen,11,Jinx,9,Zeri,9,1w ago,
살만찐돼지,,3,10,Urgot,9,Ashe,8,Sejuani,8,Zeri,7,Lissandra,6,1w ago,
달링달링,,5,9,Shen,11,Karma,8,Taric,8,Ahri,7,Swain,7,1d ago,
rqea,,2,9,Warwick,10,Sion,8,Shen,7,Taric,6,Zeri,6,5d ago,
IlIIIIlllIIIIll,,5,14,Sejuani,12,Sion,9,Urgot,9,Ashe,8,Shen,8,1w ago,
1242365,,2,9,Taric,13,Shen,10,Aphelios,9,Urgot,8,Ashe,8,1d ago,
국제애완견제라드,,2,13,Shen,11,Taric,9,Sejuani,9,Lissandra,9,Sion,8,14h ago,
노진구빈,,1,9,Taric,11,Sejuani,9,Aphelios,8,Ashe,8,Swain,7,5d ago,
우주최강도끼티모,,2,11,Shen,9,Azir,8,Nasus,7,Sion,6,Yasuo,6,14h ago,
부스커,,4,12,Shen,12,Sett,8,Ahri,8,Lissandra,6,Taric,6,2d ago,
이레아,,4,12,Taric,11,Urgot,10,Sejuani,10,Shen,9,Sion,8,12h ago,
DontLoveRockStar,,5,12,Lissandra,10,Sejuani,9,Sion,8,Kai'Sa,7,Swain,6,1w ago,
매화검존 무진,,6,17,Shen,12,Taric,10,ApexTurret,10,Heimerdinger,10,Ahri,8,16h ago,
좀 맘아프네,,5,10,Swain,18,Jarvan IV,17,Lux,17,Taric,17,Shen,16,15h ago,
불타오르네넨,,4,10,Shen,10,Warwick,8,ApexTurret,8,Heimerdinger,8,Jarvan IV,8,1d ago,
aimyon fam,,2,12,Shen,9,Taric,8,Aatrox,7,ApexTurret,7,Heimerdinger,7,1w ago,
김우진짱,,4,12,Shen,9,ApexTurret,6,Heimerdinger,6,Taric,6,Ahri,5,3d ago,
이렐리아 3성,,3,11,Sion,9,Sejuani,9,Urgot,9,Zeri,9,Shen,8,2d ago,
susiria,,3,11,Shen,13,Sejuani,9,Aatrox,7,Lissandra,7,Taric,6,1w ago,
과천롤체킹,,0,9,Ahri,11,Shen,10,Karma,8,Taric,8,Lissandra,7,6d ago,
아이스크림콘뿔보,,3,9,Jarvan IV,10,Taric,7,Urgot,6,Shen,5,Yasuo,5,2d ago,
방구석봉달이,,1,12,Shen,9,Nasus,8,Jarvan IV,8,Azir,7,Sion,6,19h ago,
효식이,,3,13,Lissandra,11,Shen,9,Taric,9,Aatrox,8,Sejuani,8,6d ago,
매그넘보아,,3,13,Shen,13,Taric,10,Soraka,8,ApexTurret,6,Heimerdinger,6,4d ago,
표 면,,3,8,Sion,8,Lissandra,7,Ashe,7,Sejuani,7,Vi,6,1d ago,
그렇게천천히,,2,16,Shen,15,Jarvan IV,15,Swain,15,Taric,14,Lux,13,1w ago,
절망과 슬픔,,4,11,Sion,11,Sejuani,10,Swain,8,ApexTurret,7,Heimerdinger,7,11h ago,
Czarl,,2,10,Lissandra,10,Urgot,9,Sejuani,8,Shen,7,Taric,7,20h ago,
절대포기금지,,2,11,Shen,11,Taric,11,ApexTurret,10,Heimerdinger,10,Swain,8,6d ago,
칼련화,,3,8,Swain,12,Taric,12,Galio,11,Lux,11,Jarvan IV,10,4d ago,
방송인 홍승경,,0,6,Kai'Sa,9,Yasuo,8,Azir,8,Shen,8,Garen,8,3d ago,
만년성,,1,8,Taric,10,Ahri,9,Shen,8,Maokai,7,Poppy,7,1w ago,
민트고수군만두,,2,13,ApexTurret,10,Heimerdinger,10,Shen,10,Swain,9,Taric,8,2d ago,
엔트로,,3,10,ApexTurret,10,Heimerdinger,10,Sejuani,9,Urgot,9,Shen,7,6d ago,
쏘울파이터 그웬,,1,8,ApexTurret,10,Heimerdinger,10,Jarvan IV,10,Shen,9,Warwick,7,5d ago,
정썬비,,4,12,Taric,10,Shen,10,Jarvan IV,9,Ahri,9,Urgot,7,3d ago,
달달하자나,,2,12,Shen,12,Taric,10,Sion,8,Sejuani,8,Urgot,8,14h ago,
주말엔딸기랑산책,,5,13,Shen,9,Ashe,7,Sejuani,7,Warwick,6,ApexTurret,6,2d ago,
항상바보같은나,,1,8,Shen,14,Ahri,14,Taric,13,Karma,9,Aatrox,8,3d ago,
할리갈리오,,0,7,Taric,9,Gwen,8,ApexTurret,8,Heimerdinger,8,Jarvan IV,8,14h ago,
placore,,3,11,Shen,8,Ahri,6,Jarvan IV,6,Taric,6,Lux,5,4d ago,
세나서폿하면박음,,3,12,Sejuani,11,Sion,7,Taric,6,Ashe,6,Jarvan IV,6,1d ago,
T1 Geguri,,3,7,Swain,7,Taric,7,Urgot,7,Ekko,7,Zeri,6,1d ago,
이수밍이,,4,13,Jarvan IV,8,Warwick,7,Sejuani,7,Sion,6,Taric,6,2d ago,
sinaeleeeee,,6,15,Sejuani,12,Urgot,11,ApexTurret,9,Heimerdinger,9,Ashe,9,1w ago,
Swag Faker,,2,12,ApexTurret,10,Heimerdinger,10,Shen,9,Urgot,8,Zeri,8,1d ago,
김현몽,,6,9,Shen,11,ApexTurret,9,Heimerdinger,9,Urgot,8,Senna,7,6d ago,
오등분,,3,12,Swain,12,Nasus,8,ApexTurret,7,Heimerdinger,7,Darius,7,1w ago,
마맛고,,3,8,Taric,16,Shen,15,Jarvan IV,14,Swain,14,Lux,13,12h ago,
이약스형탑솔러,,1,12,Sion,13,Jarvan IV,10,Swain,9,Taric,8,Shen,7,11h ago,
낭만있는난망나니,,2,11,Urgot,8,Sejuani,8,ApexTurret,7,Heimerdinger,7,Kai'Sa,7,1d ago,
dunezune,,2,12,Shen,10,Kai'Sa,8,Ahri,8,Yasuo,7,Taric,7,1w ago,
안하기로했자나,,4,12,Taric,11,Shen,10,Jarvan IV,8,Swain,7,Lux,7,19h ago,
WOWWBS,,0,7,Jarvan IV,9,Swain,9,Aatrox,7,Sion,7,Nasus,7,1w ago,
조 개 멸,,1,11,Swain,10,Warwick,7,Jarvan IV,6,Taric,6,Darius,6,5d ago,
딴따다단,,2,12,Shen,14,Taric,12,Lissandra,8,Sejuani,7,Yasuo,7,2d ago,
IMA TIME,,2,12,Poppy,9,Jarvan IV,8,ApexTurret,8,Heimerdinger,8,Teemo,7,3d ago,
Korea of Yasuo,,3,12,Shen,14,Ahri,8,Taric,8,Sion,7,Kai'Sa,7,2d ago,
기승전오즈,,6,10,Urgot,13,Sejuani,12,Nasus,12,Sion,11,Shen,10,4d ago,
feelemerald0710,,3,10,Sion,10,Aatrox,9,Shen,7,Nasus,6,Senna,6,2d ago,
민서껌딱지,,3,9,Ashe,10,Sejuani,10,Lissandra,8,Shen,8,Sion,7,2d ago,
cahiers,,5,11,ApexTurret,11,Heimerdinger,11,Sejuani,8,Sion,7,Ekko,7,4d ago,
오리아나 소유물,,1,11,Urgot,12,Sejuani,11,Shen,10,Ashe,10,Zeri,9,4d ago,
이런앤딩,,2,11,Jinx,9,ApexTurret,9,Heimerdinger,9,Tristana,8,Viego,8,1d ago,
원라쿠,,3,7,Shen,14,ApexTurret,12,Heimerdinger,12,Swain,11,Taric,11,7h ago,
CJ5,,2,8,Taric,12,Shen,9,Urgot,7,Aphelios,7,Lissandra,7,1d ago,
마따끄으,,6,9,Shen,12,ApexTurret,9,Heimerdinger,9,Swain,9,Jarvan IV,8,1d ago,
Hwj,,5,8,Urgot,9,Sejuani,9,Nasus,8,Sion,8,Jarvan IV,8,8h ago,
내일복귀누,,3,11,ApexTurret,10,Heimerdinger,10,Kled,8,Maokai,8,Poppy,8,1d ago,
찡찡대면안이겨줌,,1,5,Jarvan IV,10,Nasus,9,Swain,9,Aphelios,7,Sion,7,1w ago,
노랑아트,,4,10,Sejuani,13,Urgot,13,ApexTurret,10,Heimerdinger,10,Ashe,10,20h ago,
롤체연습할랭,,0,11,Jarvan IV,7,Swain,7,Darius,7,Katarina,7,Kled,6,1d ago,
1234124124,,3,12,Lissandra,12,Shen,11,Sejuani,7,Swain,7,Taric,7,1d ago,
OneSix,,0,7,Jarvan IV,10,Swain,8,Kled,7,Ahri,6,Lux,6,1d ago,
suh ms,,1,10,Shen,10,ApexTurret,9,Heimerdinger,9,Taric,8,Urgot,8,2d ago,
방옥슬,,6,15,ApexTurret,10,Heimerdinger,10,Sion,8,Maokai,6,K'Sante,6,2d ago,
헤카림 도착증,,4,10,Taric,12,Ahri,10,Aphelios,7,ApexTurret,6,Heimerdinger,6,1d ago,
Checkk,,1,4,Taric,9,Sejuani,8,Aatrox,7,Gwen,7,Senna,7,7h ago,
스킬찍찍찍,,2,12,Urgot,9,ApexTurret,9,Heimerdinger,9,Shen,9,Taric,8,20h ago,
neverforg0t,,2,9,Shen,9,ApexTurret,9,Heimerdinger,9,Taric,8,Sion,7,9h ago,
체스왕 첵스초코,,6,12,Jarvan IV,12,Taric,10,Lux,8,Swain,8,Sejuani,7,1w ago,
내가자연인이다,,3,13,Sion,6,Sejuani,6,Cassiopeia,6,Aphelios,5,Lissandra,5,2d ago,
남다른 실력,,4,13,Shen,11,Taric,10,Kalista,9,Yasuo,9,Irelia,8,1w ago,
sdafsdafsdaf,,2,8,Lissandra,9,Warwick,8,Shen,8,Taric,8,Urgot,6,9h ago,
nikaaaaaaaaaaaaa,,4,12,Shen,10,Lissandra,10,Sejuani,9,Ashe,8,Sion,7,4d ago,
carsnow,,2,14,Warwick,10,Sion,9,ApexTurret,9,Heimerdinger,9,Gwen,8,14h ago,
어질어질하노,,3,13,Warwick,9,ApexTurret,8,Heimerdinger,8,Zeri,7,Nasus,7,13h ago,
불안과자유,,2,10,Sejuani,10,Lissandra,9,Shen,9,Urgot,8,Jarvan IV,6,15h ago,
명진1108,,2,7,Shen,11,Aatrox,7,ApexTurret,7,Heimerdinger,7,Gwen,7,16h ago,
HK이노엔,,4,12,Jarvan IV,9,Sejuani,8,Lux,8,Swain,8,Jinx,7,5d ago,
쁘띠허브,,2,13,Ahri,9,Aatrox,8,Shen,8,Taric,7,Yasuo,7,1w ago,
11910215del,,5,10,Ahri,15,Shen,14,ApexTurret,13,Heimerdinger,13,Aatrox,12,13h ago,
그마를향하여,,2,10,Urgot,13,Sejuani,11,Ashe,10,Warwick,8,Zeri,8,1d ago,
유진이는아가야,,1,8,Jarvan IV,9,Swain,8,Nasus,7,Shen,6,Sion,6,1w ago,
99445280del,,3,14,Shen,11,Taric,10,Ahri,8,Karma,8,Lux,8,16h ago,
미드개잘함,,2,13,ApexTurret,14,Heimerdinger,14,Ashe,11,Sejuani,11,Taric,10,2d ago,
22롤드컵DRX우승,,3,11,Shen,14,Taric,14,Ahri,11,Jarvan IV,10,Lux,10,2d ago,
개념과 심화,,2,13,Swain,13,Jarvan IV,13,Taric,13,Lux,11,Vel'Koz,8,1d ago,
너무아프자나,,2,14,Urgot,14,Ashe,13,Taric,12,Sejuani,12,Lissandra,9,18h ago,
Baku9o,,3,13,Shen,12,Taric,10,Urgot,8,Lissandra,7,Soraka,7,17h ago,
페레이라의왼손훅,,4,7,Jarvan IV,9,ApexTurret,7,Heimerdinger,7,Shen,7,Lux,6,1d ago,
도 용,,3,8,Nasus,7,Warwick,7,Aatrox,6,Sion,6,Ekko,6,1d ago,
우리하다,,2,6,Taric,12,Shen,10,ApexTurret,8,Heimerdinger,8,Lissandra,8,1w ago,
던질수도있으니까,,4,12,Shen,12,Taric,11,Swain,11,Ahri,9,Karma,9,1d ago,
급치조,,0,12,Jarvan IV,12,Sejuani,10,Sion,10,ApexTurret,9,Heimerdinger,9,1d ago,
신기한 엘리트,,2,8,ApexTurret,10,Heimerdinger,10,Shen,9,Sion,7,Karma,6,1d ago,
백강연0,,3,13,Swain,11,Warwick,10,Jarvan IV,8,Darius,8,Shen,7,1w ago,
즐겜유저임다,,2,11,Swain,13,Jarvan IV,12,Lux,11,Sett,11,Galio,10,1d ago,
in full bloom,,1,8,Aatrox,11,Sion,8,Jarvan IV,7,ApexTurret,7,Heimerdinger,7,19h ago,
사회박사,,4,10,Taric,14,Shen,13,Jarvan IV,11,Swain,9,Lux,8,1d ago,
823543,,0,8,Sejuani,9,Jarvan IV,8,Warwick,7,Yasuo,6,Kalista,5,1w ago,
초밥집팬티도둑,,2,13,Swain,11,Urgot,7,Darius,6,Ekko,6,Katarina,6,3d ago,
CgEm,,3,12,Ekko,9,Jinx,9,Sejuani,9,Urgot,9,Zeri,9,2d ago,
조치원주민,,5,12,Shen,7,Ahri,7,Taric,7,ApexTurret,6,Heimerdinger,6,1d ago,
팀략적전게임,,4,7,Urgot,9,Zeri,9,Sejuani,9,ApexTurret,8,Heimerdinger,8,2d ago,
IlIlllIIlIIIlIl,,3,8,Shen,11,Taric,11,Heimerdinger,9,Ahri,9,Jarvan IV,9,5d ago,
화려한탑차이,,4,14,Sion,11,Shen,10,Swain,9,K'Sante,7,Sejuani,7,1w ago,
멘탈엄청강함,,4,14,Shen,8,Maokai,7,Poppy,7,Senna,7,Warwick,7,3d ago,
Acro 정재경,,3,10,Shen,14,Bel'Veth,9,Sion,9,Ahri,8,K'Sante,8,2d ago,
세 렬,,2,10,Sejuani,10,Sion,9,Lissandra,8,Taric,8,Ashe,8,18h ago,
간 이 역,,4,14,Taric,10,Shen,9,ApexTurret,8,Heimerdinger,8,Yasuo,8,1d ago,
QODQ,,0,15,Shen,14,Swain,13,Ahri,11,Jarvan IV,11,Taric,9,4d ago,
yubining,,1,9,Gwen,12,Shen,12,Aatrox,9,Kalista,8,Yasuo,8,1d ago,
미친피지컬의남자,,3,10,Taric,10,Jarvan IV,10,Shen,9,Urgot,9,ApexTurret,7,2d ago,
WCG official,,0,11,ApexTurret,11,Heimerdinger,11,Sion,11,Shen,9,Sejuani,9,20h ago,
딜서폿만나면박음,,3,9,Jarvan IV,10,Lux,8,Swain,7,Shen,5,K'Sante,5,13h ago,
삐부와 마뫄의 돼지 껍데기,,2,12,Shen,10,Sejuani,9,Taliyah,8,Taric,7,Swain,6,2w ago,
팔차선제자구루루,,3,9,Taric,9,Jarvan IV,8,ApexTurret,7,Heimerdinger,7,Sejuani,7,2d ago,
sisao,,3,15,Shen,17,Ahri,16,K'Sante,14,Taric,13,Sion,12,1d ago,
성주야놀자,,4,13,Ashe,10,Sejuani,10,Ekko,8,ApexTurret,7,Heimerdinger,7,1d ago,
뱀이3마리,,3,13,Warwick,9,Urgot,9,Sejuani,9,Swain,8,Zeri,8,1w ago,
볶은둥굴레차,,5,11,Sejuani,10,Urgot,9,Ashe,9,ApexTurret,8,Heimerdinger,8,3d ago,
선좀넘지마,,2,8,ApexTurret,8,Heimerdinger,8,Shen,8,Warwick,8,Taric,7,1d ago,
recuperation,,3,13,Sejuani,8,Ahri,8,Ashe,7,Urgot,6,Bel'Veth,6,1w ago,
김꾸깃,,3,7,Taric,14,Jarvan IV,11,Swain,9,Lux,8,Shen,8,1d ago,
saw and see,,2,11,Shen,10,Taric,9,Sejuani,8,Jarvan IV,8,Lissandra,8,1d ago,
피릿체스,,1,13,Ashe,10,Sejuani,10,Lissandra,10,Sion,8,Jarvan IV,8,4d ago,
하루하울,,1,11,Shen,12,Karma,8,Lissandra,8,Ashe,7,Taric,6,1d ago,
오쫄이,,2,11,Shen,13,Lissandra,10,Taric,9,Karma,8,Galio,7,1d ago,
찌르고튀기,,4,11,Shen,11,Jarvan IV,9,Kled,9,Aatrox,7,ApexTurret,6,3d ago,
닉변맨,,1,9,Sion,12,Sejuani,7,Nasus,6,Shen,6,Samira,5,5d ago,
빈 서,,4,12,Ekko,23,Katarina,19,Urgot,16,Lissandra,15,Sejuani,15,14h ago,
떵우기,,3,12,Shen,10,Kalista,7,Taric,7,Warwick,6,ApexTurret,6,3d ago,
그리운 그립고,,3,13,Swain,11,Samira,8,Darius,7,Katarina,7,Nasus,7,2d ago,
eighteen guy,,6,14,Shen,16,Taric,16,Jarvan IV,15,Lux,14,Swain,14,16h ago,
Gridman,,1,8,Lissandra,9,Ekko,8,Urgot,8,Sett,8,Sejuani,7,11h ago,
ZENIA TFT,,2,6,Jarvan IV,9,Sejuani,7,Zeri,7,Aphelios,7,Urgot,6,15h ago,
팡선 이,,0,11,Swain,10,Taric,10,Shen,10,Sion,8,Jarvan IV,6,1d ago,
scarlxrd,,4,12,ApexTurret,12,Heimerdinger,12,Nasus,10,Urgot,9,Warwick,8,2d ago,
meikyoshisui,,5,14,ApexTurret,10,Heimerdinger,10,Jinx,8,Zeri,8,Nasus,7,1d ago,
사이버보디빌더,,3,7,Shen,9,Sejuani,7,Senna,6,Ahri,6,Karma,6,14h ago,
까 시 나,,5,10,ApexTurret,13,Heimerdinger,13,Shen,9,Senna,7,Ahri,7,3d ago,
나 김민수 아니다,,3,9,Shen,9,Taric,8,Gwen,8,Maokai,7,Poppy,7,1d ago,
nunu2022,,5,14,Sion,12,Sejuani,11,Ashe,9,Urgot,9,Zeri,8,4d ago,
Balc,,3,11,Shen,11,Sejuani,9,ApexTurret,9,Heimerdinger,9,Taric,9,1w ago,
powerseks,,2,13,Shen,10,Taric,8,Lissandra,8,Sejuani,8,Warwick,8,1w ago,
Reika no Karesi,,3,8,Shen,10,Taric,8,Galio,6,Jarvan IV,6,Lissandra,6,10h ago,
TFT 마므,,2,12,Shen,10,Jinx,8,Zeri,8,Warwick,8,Urgot,7,1d ago,
공학용전자계산기,,5,15,Sejuani,9,Zeri,8,Warwick,8,Ekko,7,Urgot,7,13h ago,
HoBB4ng,,4,7,Lissandra,9,Jarvan IV,8,Jinx,7,Urgot,7,Ashe,7,12h ago,
쌈채원,,3,8,Taric,8,Urgot,7,Jinx,6,Zeri,6,Ekko,6,1d ago,
SWR0323,,5,9,Urgot,11,Shen,10,Sion,9,Zeri,9,Ekko,8,14h ago,
I후겨,,4,11,ApexTurret,9,Heimerdinger,9,Shen,9,Jarvan IV,6,Gwen,6,2d ago,
다들너무해,,1,12,Swain,10,Jarvan IV,9,Aatrox,8,Shen,7,Taric,7,13h ago,
즐거움가득협곡,,2,14,ApexTurret,10,Heimerdinger,10,Shen,9,Jarvan IV,9,Gwen,9,1d ago,
광진구블랙매지션,,2,7,Sion,8,Swain,7,Taric,7,Sona,6,Jarvan IV,6,6d ago,
bki6438,,0,9,Shen,12,Taric,8,Jarvan IV,8,Nasus,8,Ahri,6,2w ago,
데이터분석완료,,3,12,Lissandra,8,Swain,8,Taric,8,Sion,7,Sejuani,7,17h ago,
태평동불주먹,,1,13,Shen,11,Kai'Sa,10,Warwick,9,Irelia,9,Yasuo,9,1w ago,
이정우이정우,,8,14,Sion,16,Shen,15,Ahri,14,Bel'Veth,12,ApexTurret,10,1w ago,
행복대수석김경환,,2,10,Sejuani,12,Lissandra,10,Heimerdinger,9,ApexTurret,8,Ashe,8,9h ago,
liliiililliii,,3,12,Shen,11,Kled,7,Lissandra,7,Gwen,6,Jarvan IV,6,1d ago,
챌린저 문단속,,2,13,Warwick,11,Kai'Sa,8,Yasuo,8,Samira,7,Kled,7,12h ago,
롯데우승하면자살,,1,12,Taric,11,Sejuani,9,Jarvan IV,8,Urgot,8,Shen,8,4d ago,
Acro Jokipapa,,3,11,Taric,8,Swain,7,Warwick,6,Ahri,6,Urgot,6,1d ago,
느림심장박동a,,3,12,Sejuani,11,Shen,9,Lissandra,9,Nasus,7,Ashe,7,2d ago,
정신병자19호,,1,13,Shen,11,Kalista,8,Gwen,7,Irelia,7,Yasuo,7,4d ago,
ABCDEFGX,,7,13,Sejuani,8,Shen,7,Senna,6,Taric,6,Ashe,6,4d ago,
꼴픽이따먹는사람,,3,6,Kled,7,Gwen,7,Shen,7,Maokai,6,Kalista,6,1d ago,
뉴진스보고배움,,1,9,Shen,10,Jarvan IV,8,ApexTurret,7,Heimerdinger,7,Yasuo,7,9h ago,
청춘 돼지는 꿈을,,3,10,Taric,7,Swain,6,Yasuo,6,Lissandra,6,Shen,6,1w ago,
우거따,,1,13,Swain,12,Shen,10,Jarvan IV,9,Taric,9,Lux,8,4d ago,
믿음 사랑 광기,,2,11,Warwick,7,Shen,7,Sejuani,6,Ashe,5,Ahri,5,11h ago,
오버스,,1,12,Sejuani,14,Ashe,13,Lissandra,11,Urgot,9,Vi,9,10h ago,
incheonfist,,4,9,Ashe,9,Sejuani,9,Nasus,7,Swain,7,Aatrox,7,19h ago,
탑은 짐승이 맞다,,3,15,Kai'Sa,6,Yasuo,6,Swain,6,Shen,6,Sion,6,1d ago,
돌아온서동,,3,10,Warwick,7,Samira,7,Ashe,5,Sejuani,5,ApexTurret,5,10h ago,
우주최강요한이,,2,13,ApexTurret,10,Heimerdinger,10,Jarvan IV,9,Taric,8,Sejuani,8,1d ago,
지적하지마,,4,15,Shen,10,Yasuo,8,Sejuani,8,Irelia,7,Kai'Sa,7,5d ago,
나으라크,,5,12,Sejuani,10,Shen,10,Swain,8,Lissandra,7,Sion,6,1w ago,
탑은 루저라인,,6,15,Sett,13,Shen,12,Kled,10,Swain,9,Zed,8,1w ago,
두부로후두부,,0,12,Taric,11,Jarvan IV,7,Malzahar,7,Sona,7,Vel'Koz,7,18h ago,
사이버 유격,,2,7,Shen,10,Sion,9,Sejuani,8,Jarvan IV,7,ApexTurret,7,1d ago,
멍멍이 개구리,,5,14,Sejuani,11,Shen,11,Lissandra,9,Taric,9,Ashe,8,1w ago,
호온제,,1,11,Swain,14,Jarvan IV,11,Lux,9,Nasus,7,Taliyah,6,5d ago,
20 April,,6,11,Jarvan IV,11,Maokai,10,ApexTurret,10,Heimerdinger,10,Gwen,9,2d ago,
최건위,,7,15,Shen,13,Ashe,8,Urgot,8,Zeri,8,Sejuani,8,1d ago,
precel,,2,8,Sejuani,14,Lissandra,13,Shen,12,Ashe,9,Urgot,7,16h ago,
재온이,,2,11,Shen,10,Senna,9,Sejuani,9,ApexTurret,7,Heimerdinger,7,2d ago,
정후니비질게,,3,11,Aatrox,8,Yasuo,8,Senna,8,Sion,7,Kalista,7,1w ago,
TGSPaladin,,5,11,Shen,10,ApexTurret,8,Heimerdinger,8,Ekko,8,Jinx,8,1d ago,
건들면정글잠수,,1,15,Taric,10,Sejuani,10,Shen,9,Lissandra,9,Ashe,9,1d ago,
두니이마딱대,,2,12,Shen,11,Urgot,8,Warwick,8,Taric,7,Swain,7,2d ago,
LOSE,,2,11,Taric,16,Shen,14,Jarvan IV,10,Urgot,8,Lux,8,5d ago,
K06eBryant,,2,11,Shen,15,Sejuani,12,Urgot,11,Taric,11,Aphelios,9,2d ago,
능란s,,5,12,Swain,9,Nasus,9,Shen,7,Warwick,7,ApexTurret,6,2d ago,
정의림,,5,10,Sion,18,Shen,17,Ahri,14,Aatrox,12,Senna,12,17h ago,
롤토체스박사,,4,9,ApexTurret,11,Heimerdinger,11,Jarvan IV,10,Sejuani,9,Sion,9,8h ago,
민선아사랑해,,6,13,Ashe,20,Sejuani,20,Zeri,20,Lissandra,19,Jayce,18,4d ago,
변산공동체,,2,10,Taric,11,Shen,9,ApexTurret,8,Heimerdinger,8,Sejuani,8,10h ago,
망상선생,,2,5,Shen,17,Swain,16,Taric,16,Jarvan IV,15,Ahri,14,5d ago,
깡총생쥐,,4,11,Kled,15,Jarvan IV,12,Kayle,12,Maokai,12,Poppy,12,5d ago,
기뭉민,,9,16,Shen,19,Ahri,18,Jarvan IV,18,Galio,17,Lux,17,1w ago,
MFP,,4,14,Shen,11,Sion,8,Ahri,8,Taric,8,ApexTurret,6,1w ago,
준삐릿,,5,14,Kled,18,Sett,16,Gwen,15,Zed,15,Kayle,13,1w ago,
불타고 계십니다,,4,10,ApexTurret,11,Heimerdinger,11,Sion,9,Sejuani,7,Aatrox,6,1w ago,
밀레암,,1,12,Shen,11,ApexTurret,10,Heimerdinger,10,Urgot,10,Taric,9,3d ago,
장잦이몽,,3,11,ApexTurret,8,Heimerdinger,8,Shen,7,Senna,6,Yasuo,6,2d ago,
해설왕봉달이,,3,10,Heimerdinger,11,ApexTurret,10,Ahri,8,Aatrox,7,Shen,7,7h ago,
많 디,,7,13,Urgot,22,Zeri,19,Jinx,16,Warwick,14,Heimerdinger,13,5d ago,
고읍동 새콤주먹,,0,9,Shen,12,Lissandra,11,Sejuani,11,Urgot,10,Ashe,8,3d ago,
머깨장,,4,13,Sion,8,Ashe,8,Sejuani,8,Warwick,8,ApexTurret,7,10h ago,
Permaban12494495,,0,5,Ahri,9,Shen,9,ApexTurret,8,Heimerdinger,8,Ekko,6,1d ago,
isaac11,,3,7,ApexTurret,10,Heimerdinger,10,Aatrox,8,Shen,7,Senna,7,1d ago,
라기입니다,,4,15,K'Sante,8,Sion,8,Nasus,8,Taric,7,Swain,7,1d ago,
dryf1ower,,2,11,Jarvan IV,11,ApexTurret,8,Heimerdinger,8,Taric,8,Ashe,7,9h ago,
뻑경호,,6,11,Warwick,9,Yasuo,9,Shen,8,ApexTurret,7,Heimerdinger,7,1w ago,
지는게 어때서,,3,12,Shen,11,Taric,10,Sion,9,Lux,9,Sejuani,9,1w ago,
셔운하네,,5,10,ApexTurret,8,Heimerdinger,8,Nasus,7,Swain,7,Sejuani,7,6d ago,
야옹 냥냥펀치,,2,14,Sett,12,Swain,9,Taliyah,9,Sion,7,Sejuani,5,1w ago,
멘탈매우안좋음,,5,9,Shen,9,Warwick,8,Lissandra,7,Zeri,7,Ashe,7,7h ago,
므네짱짱,,1,9,Shen,11,Swain,10,Taric,10,Ahri,9,Jarvan IV,9,1d ago,
광명고 김재영,,6,13,Sejuani,11,Senna,10,Urgot,9,ApexTurret,8,Heimerdinger,8,2d ago,
내다버린1034시간,,4,12,Sion,9,Shen,8,Yasuo,7,Jarvan IV,6,ApexTurret,6,1d ago,
ManChodi TFT,,3,12,Lissandra,13,Ashe,12,Sejuani,12,Urgot,9,Zeri,7,1d ago,
My Porodise,,2,12,ApexTurret,11,Heimerdinger,11,Sion,10,Urgot,9,Zeri,9,9h ago,
몹시설렘,,2,9,Swain,13,Ahri,10,Sion,9,Taric,9,Shen,8,5d ago,
정동글팬티도둑,,2,12,Shen,13,Taric,12,Urgot,12,Kassadin,10,Aphelios,10,9h ago,
노오오오루,,2,10,Swain,8,Taliyah,8,Jarvan IV,7,Lux,7,Nasus,7,1d ago,
3달동안,,4,13,Shen,8,ApexTurret,8,Heimerdinger,8,Sejuani,8,Taric,7,1d ago,
유월유설,,4,14,Shen,9,ApexTurret,8,Heimerdinger,8,Taric,8,Ashe,8,11h ago,
산천어홍보대사,,6,12,Aatrox,11,Sion,10,Warwick,10,ApexTurret,9,Heimerdinger,9,9h ago,
인디겜수준쯧쯧,,1,10,Kled,9,Swain,8,Shen,8,Aatrox,7,Ahri,7,16h ago,
몽 춘,,4,10,ApexTurret,12,Heimerdinger,12,Taric,9,Sion,8,Swain,8,1d ago,
낭만에죽어,,3,13,Taric,12,Heimerdinger,10,Sion,10,Shen,10,ApexTurret,9,3d ago,
젊은이yo,,6,11,Shen,13,Ahri,10,Taric,10,ApexTurret,9,Heimerdinger,9,1d ago,
qncnpzlt,,3,6,Urgot,11,Sejuani,10,Ashe,8,Akshan,8,ApexTurret,7,1d ago,
Liphon,,8,14,Urgot,10,Sejuani,10,Ashe,10,Lissandra,10,Zeri,8,1d ago,
하2라이프,,3,14,Shen,13,Yasuo,10,Gwen,9,Irelia,9,Kalista,9,1d ago,
행복한 강아지,,2,14,Warwick,11,Shen,11,Yasuo,10,Irelia,10,Kai'Sa,10,1d ago,
유주러브,,1,10,Shen,10,Jarvan IV,8,Swain,7,Ahri,7,Taric,7,2d ago,
불쌍한핑핑이,,5,12,Shen,14,Taric,9,Sejuani,8,Ashe,8,Akshan,7,1w ago,
행 복 할 게,,1,10,Shen,11,Taric,10,Sejuani,8,Urgot,7,Lissandra,7,4d ago,
보라의신 곰디,,3,9,Sejuani,9,Shen,9,Taric,9,Urgot,8,Sion,8,1d ago,
여우별진주,,1,8,Shen,7,Nasus,7,Warwick,6,Urgot,6,Darius,6,21h ago,
우혁e,,4,12,Shen,9,Swain,9,ApexTurret,8,Heimerdinger,8,Aatrox,7,1d ago,
설남훈,,1,13,Shen,14,Kai'Sa,8,Yasuo,8,Taric,8,Irelia,7,10h ago,
디케님,,6,11,Gwen,10,Shen,10,ApexTurret,9,Heimerdinger,9,Maokai,6,17h ago,
켠 준 짱,,3,10,Ahri,13,Shen,13,K'Sante,12,Karma,12,Jarvan IV,10,11h ago,
강한자신감,,3,8,Shen,11,Taric,9,Urgot,8,Jarvan IV,8,Ashe,7,2d ago,
모찌스,,3,8,Jarvan IV,22,Shen,21,Swain,21,Galio,20,Lux,20,9h ago,
도벽 갱플랭크,,4,14,Warwick,10,Sejuani,9,Urgot,8,Ashe,8,Lissandra,8,3d ago,
권이제,,2,14,Shen,14,Yasuo,12,Kai'Sa,9,Kalista,8,Taric,7,9h ago,
manse3399,,3,12,Shen,11,ApexTurret,11,Heimerdinger,11,Taric,8,Yasuo,8,8h ago,
HooDBoY,,4,11,Sion,9,ApexTurret,7,Heimerdinger,7,Swain,7,Shen,6,2d ago,Challenger
EveryLifeRuined,,1,11,Shen,15,Taric,10,Jarvan IV,9,Sejuani,8,ApexTurret,6,1d ago,Challenger
반갑쨔나,,3,14,Urgot,10,Jarvan IV,9,ApexTurret,9,Heimerdinger,9,Taric,8,3d ago,Challenger
미 친 놈 z,,4,11,Sejuani,9,Sion,7,Urgot,7,Shen,7,Lissandra,7,1d ago,Challenger
개못하니깐,,3,12,Kalista,13,Shen,12,Yasuo,11,Kai'Sa,9,ApexTurret,9,22h ago,Challenger
지구걸어,,1,12,Nasus,9,Jarvan IV,8,Swain,8,Taric,8,Shen,7,12h ago,Challenger
검사양반,,7,15,ApexTurret,18,Heimerdinger,18,Ahri,17,Jarvan IV,16,Shen,16,14h ago,Challenger
God Marin,,4,10,Shen,15,Ahri,14,Taric,14,Sett,14,Jarvan IV,12,13h ago,Challenger
hezi li de mao,,5,13,Swain,10,Lux,9,Jarvan IV,8,Sion,7,ApexTurret,7,4d ago,Challenger
Airborne814,,2,11,Taric,10,Shen,9,ApexTurret,7,Heimerdinger,7,Ahri,7,1w ago,Challenger
오직바위게만,,5,12,Ashe,9,ApexTurret,8,Heimerdinger,8,Sejuani,8,Urgot,8,3d ago,Challenger
예준냥,,5,15,Taric,10,Sejuani,8,Jarvan IV,8,Lux,8,Swain,7,6d ago,Challenger
Stiis,,1,12,Taric,9,Swain,8,Sejuani,7,Ekko,7,Jarvan IV,7,3d ago,Challenger
업보배,,4,12,Shen,12,Sejuani,9,Lissandra,9,Taric,8,Ashe,8,6d ago,Challenger
canwin0w0,,8,12,Urgot,19,Jinx,18,Zeri,17,Ekko,15,ApexTurret,14,14h ago,Challenger
지보배입니다,,2,14,Kai'Sa,9,Swain,9,ApexTurret,8,Heimerdinger,8,Irelia,7,1d ago,Challenger
다우니아야해떠,,4,12,Sion,11,Sejuani,10,Lissandra,9,Shen,9,Urgot,9,11h ago,Challenger
더 나아가기,,1,14,Sejuani,9,Shen,8,Ashe,8,Lissandra,8,Gwen,7,3d ago,Challenger
찾아봐라찾아지나,,2,10,Shen,11,Taric,11,Senna,8,Lissandra,7,ApexTurret,6,3d ago,Challenger
이년만,,3,12,Taric,11,Urgot,10,ApexTurret,9,Heimerdinger,9,Jarvan IV,9,5d ago,Challenger
1853128del,,0,15,ApexTurret,10,Heimerdinger,10,Lissandra,8,Urgot,8,Sejuani,8,4d ago,Challenger
시참on,,2,12,ApexTurret,13,Heimerdinger,13,Shen,11,Jarvan IV,8,Sejuani,8,2d ago,Challenger
My Paradise,,2,9,Aatrox,9,Shen,8,Lissandra,7,Karma,7,Ahri,7,3d ago,Challenger
록 달,,4,12,Urgot,14,Sejuani,12,Ashe,11,Zeri,10,ApexTurret,9,2d ago,Challenger
아갓어,,6,10,Shen,7,Senna,6,Maokai,6,Gwen,6,Kled,6,2d ago,Challenger
Soos1,,3,13,Shen,9,Senna,8,Sion,7,ApexTurret,7,Heimerdinger,7,3d ago,Challenger
대성초,,4,12,Shen,11,Taric,11,Sejuani,11,Sion,10,Ashe,8,1d ago,Challenger
이렇게 좋은 날,,0,7,Swain,12,Taric,10,Shen,7,Lux,7,Sion,6,3d ago,Challenger
45432,,1,11,Sejuani,11,Ashe,11,Shen,10,Urgot,9,Warwick,9,1d ago,Challenger
소환사의제제,,6,13,ApexTurret,10,Heimerdinger,10,Karma,10,Shen,10,Irelia,9,3d ago,Challenger
오퍼트루,,3,10,Shen,10,Taric,8,Lissandra,8,Sion,6,ApexTurret,6,10h ago,Challenger
illliiillllllll,,5,13,Shen,18,Ahri,17,Taric,16,Lux,15,Jarvan IV,14,6d ago,Challenger
누보개,,5,13,Urgot,11,Taric,9,Shen,8,Sejuani,8,Ashe,8,2d ago,Challenger
SIU,,2,13,ApexTurret,9,Heimerdinger,9,Shen,9,Sion,7,Sejuani,7,1d ago,Challenger
The Smile,,4,11,Jarvan IV,8,Swain,8,Teemo,8,ApexTurret,6,Heimerdinger,6,2d ago,Challenger
롤토체스반면교사,,2,11,Urgot,10,Sejuani,9,Lissandra,9,Zeri,8,Jarvan IV,7,1w ago,Challenger
쁘띠세로로,,5,12,Shen,9,Swain,8,Warwick,8,Taric,7,Urgot,6,1d ago,Challenger
패션근육멸치육수,,6,15,Shen,11,Sejuani,8,Swain,7,ApexTurret,7,Heimerdinger,7,1d ago,Challenger
지긋지긋한 게임,,5,11,Shen,14,Ahri,13,ApexTurret,10,Heimerdinger,10,Jarvan IV,10,1d ago,Challenger
whydunit,,2,12,Taric,11,Shen,10,Ashe,9,Sejuani,8,Jarvan IV,7,12h ago,Challenger
트수급백수,,1,11,ApexTurret,8,Heimerdinger,8,Taric,7,Sion,7,Jarvan IV,7,4d ago,Challenger
좀즈메의 문단속,,4,13,Shen,12,Sion,11,Taric,9,ApexTurret,8,Heimerdinger,8,19h ago,Challenger
Mandaykidz,,5,11,Jarvan IV,12,Urgot,7,Sejuani,7,Jinx,6,Ekko,6,1d ago,Challenger
넣고보니봉달이,,7,15,Warwick,11,Sion,10,Jarvan IV,8,Sejuani,8,Swain,7,3d ago,Challenger
넌 미대 오지마라,,4,9,Lissandra,10,Shen,9,Taric,9,Sejuani,7,Ashe,7,5d ago,Challenger
장봄준 fan,,1,8,Sion,9,Sejuani,9,Ashe,7,Zeri,7,Warwick,7,2d ago,Challenger
ZanDarC,,3,12,Shen,8,Sion,8,Lissandra,7,Sejuani,6,Warwick,6,16h ago,Challenger
Vietnam Mango,,6,15,Ashe,9,Urgot,9,Sejuani,8,Taric,8,Lissandra,8,3d ago,Challenger
왕꿈틀e,,5,14,Sejuani,9,Lissandra,8,Aatrox,7,Sion,7,Warwick,7,1w ago,Challenger
HanPika,,6,13,Sion,10,Vel'Koz,8,Malzahar,7,Kai'Sa,7,Sejuani,6,2d ago,Challenger
느 앙,,2,13,Lissandra,11,Shen,11,Urgot,10,Sejuani,10,Sion,9,3d ago,Challenger
특급카드,,2,11,Nasus,12,ApexTurret,9,Heimerdinger,9,Aatrox,9,Shen,7,19h ago,Challenger
조하능,,1,13,Sion,9,Shen,8,ApexTurret,7,Heimerdinger,7,Sejuani,7,14h ago,Challenger
3 ShinGi,,6,13,Shen,14,ApexTurret,11,Heimerdinger,11,Taric,10,Jarvan IV,9,2d ago,Challenger
wave to earth,,2,13,Lux,8,Taric,8,Senna,6,Ahri,6,Kai'Sa,6,3d ago,Challenger
딸기배,,4,14,Sion,12,ApexTurret,8,Heimerdinger,8,Aatrox,7,Sejuani,6,1w ago,Challenger
키리기리 TFT,,1,11,Shen,13,Ahri,10,Sett,9,Yasuo,9,Irelia,8,6d ago,Challenger
SNU Challenger,,3,12,Sion,12,Shen,11,Taric,7,Aatrox,6,Swain,6,3d ago,Challenger
페이도,,2,12,Sion,10,Urgot,8,Shen,7,ApexTurret,7,Heimerdinger,7,3d ago,Challenger
우정박,,5,13,Shen,10,Lissandra,9,Taric,8,Sejuani,7,Ashe,7,2d ago,Challenger
검사룰루,,5,16,Shen,7,Taric,6,Sett,6,Warwick,6,Sion,6,1w ago,Challenger
천외유천,,5,12,Lissandra,14,Sion,12,Sejuani,11,Ashe,10,Cho'Gath,7,16h ago,Challenger
운은진짜bb,,3,16,Karma,8,Swain,8,Lissandra,8,Taric,7,Warwick,7,4d ago,Challenger
Set 9,,2,12,Sejuani,12,Ashe,11,Lissandra,11,Urgot,8,Sion,7,3d ago,Challenger
문덕고캡짱박종팔,,3,11,Gwen,12,Kalista,11,Yasuo,11,Bel'Veth,10,Senna,9,2d ago,Challenger
미스터초밥왕77,,5,13,Sejuani,10,ApexTurret,10,Heimerdinger,10,Nasus,9,Urgot,8,3d ago,Challenger
화만가득한사람,,6,12,Shen,12,Aatrox,10,ApexTurret,9,Heimerdinger,9,Senna,9,2d ago,Challenger
바다의 계곡,,5,11,ApexTurret,13,Heimerdinger,13,Sion,11,Ashe,8,Sejuani,8,1d ago,Challenger
반 립,,3,13,Jarvan IV,9,Taric,8,Ahri,8,ApexTurret,8,Heimerdinger,8,2d ago,Challenger
부 엑,,3,13,Shen,12,Yasuo,9,Nasus,9,Irelia,8,Kalista,7,1d ago,Challenger
유튜브백기사구독,,5,10,Sion,18,Shen,13,Ahri,12,Bel'Veth,12,Senna,11,2d ago,Challenger
분당의보배정재석,,4,12,Shen,8,ApexTurret,7,Heimerdinger,7,Warwick,7,Swain,7,11h ago,Challenger
You Kn0w What,,3,15,Taric,10,Shen,8,Malzahar,7,Vel'Koz,7,Ahri,6,3d ago,Challenger
배치 차이,,2,14,Warwick,10,Urgot,8,Jinx,7,Jarvan IV,7,Aatrox,6,2d ago,Challenger
이당흥,,3,12,Yasuo,8,Shen,8,Sejuani,6,Warwick,6,Jarvan IV,6,3d ago,Challenger
망코많흔,,8,11,Shen,21,Taric,19,ApexTurret,18,Heimerdinger,18,Jarvan IV,18,4d ago,Challenger
동찬1,,5,10,Aatrox,10,ApexTurret,10,Heimerdinger,10,Shen,9,Warwick,9,1d ago,Challenger
어양동매콤주먹,,1,16,Shen,12,Taric,10,Jarvan IV,8,Ahri,7,K'Sante,7,1d ago,Challenger
배가너무자주고파,,3,12,Shen,11,ApexTurret,10,Heimerdinger,10,Jarvan IV,8,Ahri,7,2d ago,Challenger
인간바론,,3,13,Shen,9,Warwick,8,Taric,7,Urgot,7,ApexTurret,6,3d ago,Challenger
Luzesky,,3,10,Shen,7,ApexTurret,7,Heimerdinger,7,Teemo,7,Jarvan IV,6,3d ago,Challenger
덜못해서올라가기,,3,12,Shen,9,Swain,8,Jarvan IV,8,Warwick,7,Taric,6,1w ago,Challenger
ema50cm,,4,13,Shen,13,ApexTurret,11,Heimerdinger,11,Urgot,9,Ahri,8,2d ago,Challenger
DH CNJ우쭐리우중,,6,13,Ahri,10,Senna,9,Sion,8,Sejuani,8,Shen,7,3d ago,Challenger
윤경누나,,4,11,Shen,9,Ashe,8,Lissandra,8,ApexTurret,7,Heimerdinger,7,1d ago,Challenger
드로우갓겜,,5,13,Sejuani,10,Shen,9,Kai'Sa,8,Lissandra,7,Gwen,7,3d ago,Challenger
여늬귀여니,,5,11,Shen,12,Nasus,10,ApexTurret,9,Heimerdinger,9,Sejuani,8,1d ago,Challenger
단무지무쳐,,4,13,Urgot,9,Shen,8,Sejuani,8,Lissandra,7,Zeri,7,2d ago,Challenger
마파보고떨굼,,3,14,Shen,8,Ekko,6,Kai'Sa,6,Yasuo,6,Gwen,6,3d ago,Challenger
My Parasite,,4,11,Heimerdinger,10,Samira,10,ApexTurret,9,Jarvan IV,9,Cassiopeia,8,3d ago,Challenger
anartica,,1,14,Ashe,12,Sejuani,12,Lissandra,12,Shen,11,Urgot,9,3d ago,Challenger
밀 책,,4,15,Kled,7,ApexTurret,6,Heimerdinger,6,Sion,6,Poppy,6,1w ago,Challenger
숩 in,,4,16,Lissandra,12,Shen,12,Taric,10,Urgot,10,Sejuani,9,3d ago,Challenger
료타스,,2,12,Shen,14,Sejuani,9,Lissandra,8,Yasuo,8,Ashe,7,2w ago,Challenger
tft educator,,1,9,Shen,9,Sejuani,6,ApexTurret,6,Heimerdinger,6,Lissandra,6,2d ago,Challenger
수채철,,1,11,Sejuani,7,Urgot,7,Senna,6,Zeri,6,Shen,6,2d ago,Challenger
Eternia,,8,13,ApexTurret,10,Heimerdinger,10,Shen,9,Taric,9,Sejuani,8,8h ago,Challenger
Teukhan,,3,13,Shen,15,Taric,13,Jarvan IV,12,Ahri,11,Lux,11,20h ago,Challenger
리롤하고후회중,,4,12,ApexTurret,11,Heimerdinger,11,Senna,11,Sion,10,Aatrox,9,18h ago,Challenger
김차보,,4,14,ApexTurret,9,Heimerdinger,9,Ekko,7,Warwick,7,Kai'Sa,7,4d ago,Challenger
블라망슈,,9,13,ApexTurret,10,Heimerdinger,10,Jarvan IV,10,Ahri,10,Swain,10,3d ago,Challenger
로아접고디아함,,3,15,Nasus,10,Jarvan IV,9,Shen,9,Sejuani,9,Sion,8,2d ago,Challenger
si9n,,4,12,Sion,10,ApexTurret,9,Heimerdinger,9,Shen,9,Warwick,9,1d ago,Challenger
R0naldoOfTFT,,4,11,Sion,9,Sejuani,8,Senna,7,ApexTurret,6,Heimerdinger,6,3d ago,Challenger
oheatT,,5,15,ApexTurret,11,Heimerdinger,11,Sejuani,8,Senna,7,Shen,7,5d ago,Challenger
MOSO,,4,9,Aatrox,10,Shen,8,ApexTurret,7,Heimerdinger,7,Gwen,7,12h ago,Challenger
07NoJiHwan,,5,14,Urgot,10,Sion,9,ApexTurret,9,Heimerdinger,9,Zeri,8,1w ago,Challenger
MessiOfTFT,,5,11,ApexTurret,10,Heimerdinger,10,Shen,10,Sion,8,Ahri,8,3d ago,Challenger
InV Jiro,,4,12,Gwen,11,ApexTurret,9,Heimerdinger,9,Aatrox,8,Kled,7,1d ago,Challenger
InV Rea,,1,10,Sion,10,Aatrox,9,Shen,9,Nasus,9,Sejuani,9,2d ago,Challenger
Keep U mine,,1,14,Sion,11,Swain,9,Sejuani,9,Taric,8,Jarvan IV,7,3d ago,Challenger
ING BKH,,3,14,Lissandra,11,Sejuani,11,Ashe,9,Zeri,8,Urgot,7,2d ago,Challenger
Nico1e,,0,12,Swain,9,Jarvan IV,8,Shen,7,Nasus,7,Taric,7,2d ago,Challenger
택연이,,0,15,Shen,9,Sion,9,Warwick,8,Lissandra,8,Urgot,8,18h ago,Challenger
메시1234,,5,11,Shen,9,Senna,8,Jinx,6,Zeri,6,ApexTurret,6,1w ago,Challenger
hs갓2,,2,15,Jarvan IV,9,Ekko,7,Shen,7,Taric,7,Sejuani,7,3d ago,Challenger
근면성실한 사람,,5,14,Sion,14,Sejuani,8,Ashe,7,Urgot,7,K'Sante,7,1d ago,Challenger
1Chon,,6,13,Zeri,15,Sion,13,Urgot,12,ApexTurret,10,Heimerdinger,10,3d ago,Challenger
Acro DrucKer,,4,13,Shen,17,ApexTurret,16,Heimerdinger,16,Aatrox,13,Sion,12,1d ago,Challenger
x지존x,,4,10,Jarvan IV,10,Kled,9,Gwen,7,Kayle,7,Poppy,7,3d ago,Challenger
warwikk,,1,17,Ashe,12,Warwick,12,Urgot,12,Sejuani,11,Zeri,11,20h ago,Challenger
롤로노아 신건호,,6,16,ApexTurret,11,Heimerdinger,11,Shen,11,Sejuani,10,Ahri,10,15h ago,Challenger
민돌씨,,5,16,Jarvan IV,12,Nasus,9,ApexTurret,8,Heimerdinger,8,Sion,8,3d ago,Challenger
3Chon,,7,13,Sion,16,Urgot,15,Zeri,13,Ekko,13,ApexTurret,11,5d ago,Challenger
건1우,,2,12,Senna,9,Shen,9,Taric,8,ApexTurret,7,Heimerdinger,7,7h ago,Challenger
Pnaz,,4,12,Senna,8,Sion,8,Bel'Veth,8,Taric,8,Sejuani,8,1d ago,Challenger
피부미인드록바,,4,13,Ahri,9,Shen,9,Sion,8,Bel'Veth,7,ApexTurret,7,1d ago,Challenger
우울한송로버섯,,4,12,Shen,10,Sejuani,9,Lissandra,9,Taric,8,Ahri,8,4d ago,Challenger
Pablo Honey,,6,12,Swain,8,Taric,8,Sejuani,8,Sion,8,ApexTurret,6,1w ago,Challenger
TSM Keane,,7,15,Sejuani,12,Urgot,12,Zeri,12,Sion,11,ApexTurret,11,17h ago,Challenger
PicassoOFTFT,,1,11,Jarvan IV,12,Taric,11,Shen,9,ApexTurret,8,Heimerdinger,8,1d ago,Challenger
불독은 지금이 가장 싸다,,1,13,Jarvan IV,8,Zeri,7,Swain,6,ApexTurret,6,Heimerdinger,6,3d ago,Challenger
InV GogoGamE,,3,15,Shen,10,Kalista,9,Yasuo,8,Bel'Veth,8,Kai'Sa,7,1d ago,Challenger
구깨룩,,2,15,Jarvan IV,12,Ahri,10,Taric,10,Swain,7,Nasus,6,3d ago,Challenger
강선종,,4,11,ApexTurret,8,Heimerdinger,8,Shen,8,Warwick,6,Taric,6,2d ago,Challenger
정동글,,4,13,Lissandra,10,Sejuani,9,Sion,9,ApexTurret,9,Heimerdinger,9,5d ago,Challenger
k4sp3rsky,,5,16,ApexTurret,14,Heimerdinger,14,Swain,8,Sion,7,Shen,7,1d ago,Challenger
ISS AN EIFF,,4,13,ApexTurret,12,Heimerdinger,12,Sion,11,Senna,10,Lissandra,9,21h ago,Challenger
마빵왕봉달이,,7,12,Ahri,9,Taric,9,Shen,8,Jarvan IV,8,Swain,7,2d ago,Challenger
지보배,,3,13,Taric,9,Sejuani,8,Shen,8,Jarvan IV,8,Lux,7,3d ago,Challenger
만어리만어,,3,13,ApexTurret,12,Heimerdinger,12,Shen,10,Urgot,9,Warwick,7,14h ago,Challenger
머희루,,4,12,Shen,9,Warwick,8,Urgot,7,Ekko,7,Jinx,6,3d ago,Challenger
리스망,,0,10,Gwen,9,Taric,9,Jayce,8,Viego,7,Ekko,7,1d ago,Challenger
배한울,,3,15,Swain,8,Aatrox,7,Maokai,6,Poppy,6,Kled,6,2d ago,Challenger
김대빤,,2,14,Sejuani,12,Ashe,10,Lissandra,10,Urgot,10,Shen,9,3d ago,Challenger
1등할게요,,4,15,Shen,11,Kai'Sa,10,Aatrox,9,Kalista,9,Yasuo,9,3d ago,Challenger
채수채수밭,,6,11,Shen,14,Taric,10,Urgot,9,Warwick,8,Zeri,7,3d ago,Challenger
롤체가나를억까해,,3,15,Sion,10,Shen,8,Aatrox,7,Ahri,7,Bel'Veth,6,2d ago,Challenger
라이칸씨,,3,16,Warwick,9,Swain,8,Sejuani,7,Urgot,7,Darius,7,2d ago,Challenger
ValentinaLisitsa,,4,15,Aatrox,9,ApexTurret,8,Heimerdinger,8,Nasus,8,Sion,7,3d ago,Challenger
원요일,,4,15,ApexTurret,8,Heimerdinger,8,Warwick,7,Sejuani,6,Kai'Sa,6,1d ago,Challenger
이상호 찐팬,,5,9,Shen,9,Nasus,8,ApexTurret,6,Heimerdinger,6,Sion,6,4d ago,Challenger
동서밤1,,3,13,Shen,15,Yasuo,8,ApexTurret,8,Heimerdinger,8,Lissandra,8,1d ago,Challenger
엉망진창 메시,,6,16,Shen,12,Taric,10,Urgot,9,Senna,9,Zeri,8,16h ago,Challenger
Shutt up Malfoy,,5,13,Warwick,11,Shen,11,ApexTurret,10,Heimerdinger,10,Sion,9,2d ago,Challenger
sjanejdnj,,6,14,ApexTurret,11,Heimerdinger,11,Shen,9,Aatrox,8,Senna,7,2d ago,Challenger
만디팬 안정현,,3,11,Shen,12,Taric,9,Swain,7,Warwick,7,Lissandra,7,1d ago,Challenger
강한해린,,6,14,Sion,12,ApexTurret,10,Heimerdinger,10,Warwick,8,Sejuani,8,4d ago,Challenger
봉달표면쵸리네,,4,15,Shen,13,Taric,13,Jarvan IV,12,Swain,10,Lux,9,4d ago,Challenger
띵 땡,,5,11,Shen,11,Sion,10,Aatrox,10,ApexTurret,8,Heimerdinger,8,4d ago,Challenger
해설자 클템,,4,14,Sion,11,Shen,10,ApexTurret,8,Heimerdinger,8,Taric,8,5d ago,Challenger
오박사TV,,4,14,Shen,13,ApexTurret,8,Heimerdinger,8,Taric,8,Gwen,6,2d ago,Challenger
Let it Rain,,4,13,Shen,13,ApexTurret,9,Heimerdinger,9,Senna,7,Irelia,7,2d ago,Challenger
이제는잠꾸러기,,4,10,Shen,10,Taric,10,Ahri,8,Karma,6,Jarvan IV,6,1d ago,Challenger
신수원 임,,3,16,Sion,12,Swain,11,Shen,9,Lux,7,Kalista,6,5d ago,Challenger
롤좀하는가,,6,14,Shen,12,ApexTurret,11,Heimerdinger,11,Taric,8,Jarvan IV,8,3d ago,Challenger
정말 아쉬워요,,4,16,Shen,10,Nasus,9,ApexTurret,8,Heimerdinger,8,Gwen,7,4d ago,Challenger
양치돈,,3,12,Aatrox,11,Shen,9,Sejuani,9,Senna,8,Nasus,7,1d ago,Challenger
Sam ShinGi,,6,17,Swain,11,Jarvan IV,10,Shen,10,Lux,9,Taric,9,3d ago,Challenger
steelo of bora,,6,16,Aatrox,11,Warwick,9,ApexTurret,8,Heimerdinger,8,Irelia,8,1d ago,Challenger
천연만화,,4,14,Urgot,12,Jinx,11,Zeri,11,Sejuani,11,Warwick,10,3d ago,Challenger
Innovator,,4,17,Shen,11,Aatrox,10,ApexTurret,9,Heimerdinger,9,Sejuani,8,1d ago,Challenger
김도칠,,6,12,Shen,19,Taric,19,Ahri,17,Karma,16,Lux,14,3d ago,Challenger
DI로,,8,14,Shen,14,ApexTurret,11,Heimerdinger,11,Ahri,9,Aatrox,8,2d ago,Challenger
InV Artist,,3,16,Shen,12,Taric,9,Ahri,8,Irelia,7,Yasuo,7,2d ago,Challenger
동민보고배움,,8,13,Shen,10,K'Sante,9,Taric,9,Senna,7,Urgot,7,1w ago,Challenger
Becrux,,4,15,Shen,9,Ahri,8,Taric,8,Swain,8,Warwick,8,3d ago,Challenger
Twitch Kanata,,3,15,Warwick,11,Samira,10,Swain,10,Darius,9,Sion,8,5d ago,Challenger
luxfan,,1,15,Nasus,12,Swain,10,Jarvan IV,7,Lux,7,K'Sante,7,3d ago,Challenger
발 명,,5,12,Shen,10,Senna,8,Warwick,8,Ahri,7,ApexTurret,6,1d ago,Challenger
Cassigod,,3,16,Sejuani,8,ApexTurret,8,Heimerdinger,8,Senna,7,Yasuo,7,3d ago,Challenger
술살돈,,4,13,Swain,11,Ahri,11,Taric,11,Jarvan IV,10,Sion,10,6d ago,Challenger
이쿠라,,5,17,Jarvan IV,9,Nasus,8,ApexTurret,7,Heimerdinger,7,Warwick,7,20h ago,Challenger
틈 빈,,4,13,Aatrox,8,Sion,7,ApexTurret,7,Heimerdinger,7,Nasus,7,2d ago,Challenger
Kr Day,,5,16,Swain,13,Shen,12,Lux,10,Taric,10,Jarvan IV,9,2d ago,Challenger
요르르륵,,7,13,Sejuani,12,Urgot,10,Ashe,9,Lissandra,9,Warwick,8,2d ago,Challenger
YOUCHESS,,5,15,Heimerdinger,13,ApexTurret,12,Sion,12,Shen,10,Ahri,8,3d ago,Challenger
TTVBebe872,,5,13,Ahri,9,Aatrox,8,Taric,8,Bel'Veth,8,Warwick,8,9h ago,Challenger
밀짚모자 쌍옆,,7,13,Shen,10,ApexTurret,8,Heimerdinger,8,Gwen,7,Ahri,7,1d ago,Challenger
배불뚝이 팬더,,4,15,Taric,13,Shen,12,Jarvan IV,10,Lux,10,Swain,10,3d ago,Challenger
